Code,FromCity Unknown,ToCity Unknown,Total Unknown,Status
KT82,1667,1727,3394,✗ MISSING
K5B2,746,767,1513,✗ MISSING
K27K,720,724,1444,✗ MISSING
K0A9,718,726,1444,✗ MISSING
KF45,611,594,1205,✗ MISSING
K29D,590,605,1195,✗ MISSING
K1R8,557,533,1090,✗ MISSING
K1A5,441,444,885,✗ MISSING
KF82,456,421,877,✗ MISSING
K5C1,421,427,848,✗ MISSING
KX60,379,452,831,✗ MISSING
K11R,387,397,784,✗ MISSING
K8A0,351,318,669,✗ MISSING
K46U,306,320,626,✗ MISSING
KM19,262,291,553,✗ MISSING
K4I3,264,272,536,✗ MISSING
KO69,247,270,517,✗ MISSING
K20V,253,256,509,✗ MISSING
K38S,238,247,485,✗ MISSING
K3T5,231,242,473,✗ MISSING
KS25,227,238,465,✗ MISSING
KS21,228,207,435,✗ MISSING
KE38,217,201,418,✗ MISSING
KP19,202,189,391,✗ MISSING
KM40,186,198,384,✗ MISSING
K3J1,183,192,375,✗ MISSING
K6A1,189,181,370,✗ MISSING
KM25,187,173,360,✗ MISSING
K3S8,175,180,355,✗ MISSING
K1B1,177,176,353,✗ MISSING
K6S0,166,180,346,✗ MISSING
K8M1,166,170,336,✗ MISSING
KM54,161,164,325,✗ MISSING
K2I0,159,164,323,✗ MISSING
KT89,158,160,318,✗ MISSING
K4A9,173,138,311,✗ MISSING
KE25,156,152,308,✗ MISSING
K4O4,131,139,270,✗ MISSING
K2G2,131,132,263,✗ MISSING
K67L,132,126,258,✗ MISSING
K1F0,115,114,229,✗ MISSING
KF17,108,113,221,✗ MISSING
K8A1,109,107,216,✗ MISSING
KE11,115,97,212,✗ MISSING
K0R0,100,99,199,✗ MISSING
KS39,99,92,191,✗ MISSING
KW03,98,92,190,✗ MISSING
KD98,95,91,186,✗ MISSING
K1A9,90,93,183,✗ MISSING
KI68,93,88,181,✗ MISSING
K28J,80,94,174,✗ MISSING
K7S0,84,87,171,✗ MISSING
K0G6,91,79,170,✗ MISSING
K79J,89,80,169,✗ MISSING
K2A0,83,85,168,✗ MISSING
KM02,86,82,168,✗ MISSING
KU42,82,83,165,✗ MISSING
KC29,82,82,164,✗ MISSING
KMO8,82,80,162,✗ MISSING
K3DW,79,79,158,✗ MISSING
KL35,73,75,148,✗ MISSING
K2G4,66,74,140,✗ MISSING
KX07,64,72,136,✗ MISSING
K1H2,65,68,133,✗ MISSING
KF05,59,69,128,✗ MISSING
K65S,62,65,127,✗ MISSING
KN03,59,67,126,✗ MISSING
K5T9,65,61,126,✗ MISSING
KS24,68,58,126,✗ MISSING
K3U3,61,64,125,✗ MISSING
KM04,65,60,125,✗ MISSING
KM21,59,64,123,✗ MISSING
KGDK,58,63,121,✗ MISSING
K0D8,60,61,121,✗ MISSING
K60R,63,57,120,✗ MISSING
K2IS,63,56,119,✗ MISSING
KN66,60,57,117,✗ MISSING
KP20,55,61,116,✗ MISSING
KP52,58,57,115,✗ MISSING
K6I2,62,53,115,✗ MISSING
K2W6,58,57,115,✗ MISSING
K3R7,67,47,114,✗ MISSING
KT30,59,53,112,✗ MISSING
K1M5,50,56,106,✗ MISSING
K15J,54,51,105,✗ MISSING
KO89,51,49,100,✗ MISSING
K2V5,55,44,99,✗ MISSING
K71J,50,48,98,✗ MISSING
KW43,47,48,95,✗ MISSING
K9V9,46,49,95,✗ MISSING
KM91,44,49,93,✗ MISSING
KI40,47,44,91,✗ MISSING
K05C,45,46,91,✗ MISSING
K1M4,47,41,88,✗ MISSING
K2G9,39,48,87,✗ MISSING
KP33,42,43,85,✗ MISSING
KC65,37,48,85,✗ MISSING
KC17,44,41,85,✗ MISSING
K3K8,41,42,83,✗ MISSING
KBOK,44,39,83,✗ MISSING
K4A6,44,38,82,✗ MISSING
K9D9,43,38,81,✗ MISSING
KI18,37,43,80,✗ MISSING
KT23,40,40,80,✗ MISSING
K0G7,42,38,80,✗ MISSING
K74V,42,38,80,✗ MISSING
K54J,40,39,79,✗ MISSING
KW40,38,39,77,✗ MISSING
K7S6,34,40,74,✗ MISSING
KS33,41,31,72,✗ MISSING
K12J,37,34,71,✗ MISSING
K4R3,34,33,67,✗ MISSING
KC09,33,34,67,✗ MISSING
K3M7,33,32,65,✗ MISSING
K0M4,33,30,63,✗ MISSING
K0M0,28,35,63,✗ MISSING
KO05,35,27,62,✗ MISSING
KC24,32,30,62,✗ MISSING
KI34,31,30,61,✗ MISSING
KK24,31,30,61,✗ MISSING
KF00,30,30,60,✗ MISSING
K9K8,28,31,59,✗ MISSING
K0M3,18,40,58,✗ MISSING
K42A,30,27,57,✗ MISSING
KL08,28,27,55,✗ MISSING
K19M,24,30,54,✗ MISSING
K3B1,24,28,52,✗ MISSING
KO43,26,26,52,✗ MISSING
K6A2,24,27,51,✗ MISSING
KY72,34,17,51,✗ MISSING
K87I,27,23,50,✗ MISSING
KF44,28,21,49,✗ MISSING
K98D,20,29,49,✗ MISSING
KS12,24,24,48,✗ MISSING
KM22,26,22,48,✗ MISSING
K3O9,35,11,46,✗ MISSING
K10G,23,23,46,✗ MISSING
K4R5,23,22,45,✗ MISSING
K6R3,24,21,45,✗ MISSING
K06A,22,22,44,✗ MISSING
K3MY,21,22,43,✗ MISSING
K1V6,20,23,43,✗ MISSING
KI23,22,20,42,✗ MISSING
K6A4,20,22,42,✗ MISSING
K2M2,21,20,41,✗ MISSING
KX14,22,18,40,✗ MISSING
K0M5,19,21,40,✗ MISSING
KI69,19,20,39,✗ MISSING
K4M1,19,19,38,✗ MISSING
KM32,18,19,37,✗ MISSING
KM18,17,19,36,✗ MISSING
K3A2,19,17,36,✗ MISSING
K1R7,21,15,36,✗ MISSING
KC04,18,18,36,✗ MISSING
KX51,19,17,36,✗ MISSING
KI63,18,17,35,✗ MISSING
K4G4,19,13,32,✗ MISSING
K0R1,15,17,32,✗ MISSING
K2J3,15,17,32,✗ MISSING
KX50,14,17,31,✗ MISSING
K49B,15,16,31,✗ MISSING
K0L7,13,18,31,✗ MISSING
KM17,15,16,31,✗ MISSING
KC15,15,15,30,✗ MISSING
KK61,16,14,30,✗ MISSING
K5A1,15,14,29,✗ MISSING
KH71,13,16,29,✗ MISSING
K1G0,16,13,29,✗ MISSING
K42J,16,13,29,✗ MISSING
KORS,9,20,29,✗ MISSING
KD73,13,16,29,✗ MISSING
KO46,16,12,28,✗ MISSING
KX35,19,9,28,✗ MISSING
KN81,14,14,28,✗ MISSING
KC83,14,14,28,✗ MISSING
KY31,13,14,27,✗ MISSING
K8S1,12,15,27,✗ MISSING
K0A8,15,12,27,✗ MISSING
KH35,13,13,26,✗ MISSING
K1R1,13,13,26,✗ MISSING
K7M3,13,13,26,✗ MISSING
KM11,5,20,25,✗ MISSING
KU07,7,18,25,✗ MISSING
K4J2,12,12,24,✗ MISSING
K8B0,11,13,24,✗ MISSING
K1L7,12,12,24,✗ MISSING
K41U,13,11,24,✗ MISSING
KM01,10,13,23,✗ MISSING
K6S8,12,11,23,✗ MISSING
KT90,15,8,23,✗ MISSING
KF35,10,12,22,✗ MISSING
KE01,13,9,22,✗ MISSING
KD60,11,11,22,✗ MISSING
KU96,11,10,21,✗ MISSING
KD25,11,10,21,✗ MISSING
KI75,11,10,21,✗ MISSING
K1O4,11,10,21,✗ MISSING
KP13,11,9,20,✗ MISSING
KX26,10,10,20,✗ MISSING
KK82,10,10,20,✗ MISSING
K1H0,9,11,20,✗ MISSING
KM34,11,8,19,✗ MISSING
KE34,12,7,19,✗ MISSING
K8A3,9,9,18,✗ MISSING
K4R7,7,11,18,✗ MISSING
KO02,8,10,18,✗ MISSING
KHTO,10,7,17,✗ MISSING
K3CK,10,7,17,✗ MISSING
K5S6,8,9,17,✗ MISSING
K60F,8,9,17,✗ MISSING
K4V1,8,9,17,✗ MISSING
K1G5,8,9,17,✗ MISSING
K07A,8,9,17,✗ MISSING
KM75,8,9,17,✗ MISSING
KY23,9,8,17,✗ MISSING
KO20,9,7,16,✗ MISSING
KM93,16,0,16,✗ MISSING
KM08,9,7,16,✗ MISSING
KE26,8,8,16,✗ MISSING
K83D,9,6,15,✗ MISSING
K60J,9,6,15,✗ MISSING
KM83,5,10,15,✗ MISSING
K2W5,7,8,15,✗ MISSING
K16G,6,9,15,✗ MISSING
K6S2,8,7,15,✗ MISSING
K2F1,7,7,14,✗ MISSING
K17J,6,8,14,✗ MISSING
K2O3,6,8,14,✗ MISSING
KM79,6,8,14,✗ MISSING
K88M,6,8,14,✗ MISSING
K33N,7,7,14,✗ MISSING
K33V,9,5,14,✗ MISSING
K0A3,7,7,14,✗ MISSING
KC80,6,7,13,✗ MISSING
KS59,5,8,13,✗ MISSING
KNHZ,7,6,13,✗ MISSING
KE42,8,5,13,✗ MISSING
KW99,5,8,13,✗ MISSING
KM43,13,0,13,✗ MISSING
K3LF,6,6,12,✗ MISSING
KF06,6,6,12,✗ MISSING
K9D2,7,5,12,✗ MISSING
K3F3,7,5,12,✗ MISSING
K9D1,5,7,12,✗ MISSING
KT60,8,4,12,✗ MISSING
K91C,4,8,12,✗ MISSING
KNY0,6,6,12,✗ MISSING
KT41,5,7,12,✗ MISSING
KW22,6,6,12,✗ MISSING
K4V0,6,5,11,✗ MISSING
K1S3,5,6,11,✗ MISSING
K8D4,5,6,11,✗ MISSING
KC35,5,6,11,✗ MISSING
K4F2,5,6,11,✗ MISSING
K25M,6,5,11,✗ MISSING
K46D,5,6,11,✗ MISSING
KP08,4,7,11,✗ MISSING
K1G3,7,4,11,✗ MISSING
KT31,7,4,11,✗ MISSING
KC71,10,1,11,✗ MISSING
KH88,6,5,11,✗ MISSING
KC59,6,4,10,✗ MISSING
KM95,5,5,10,✗ MISSING
KX06,7,3,10,✗ MISSING
KF01,5,5,10,✗ MISSING
KH79,5,5,10,✗ MISSING
K9Y1,5,5,10,✗ MISSING
KF21,5,5,10,✗ MISSING
KE63,6,4,10,✗ MISSING
KC08,4,6,10,✗ MISSING
KA08,4,6,10,✗ MISSING
KF86,4,6,10,✗ MISSING
K4J5,5,4,9,✗ MISSING
KINS,7,2,9,✗ MISSING
K12K,4,5,9,✗ MISSING
KS52,5,4,9,✗ MISSING
K3S9,7,2,9,✗ MISSING
KM20,4,5,9,✗ MISSING
KF56,2,7,9,✗ MISSING
KS05,3,6,9,✗ MISSING
K84R,3,5,8,✗ MISSING
K9S9,3,5,8,✗ MISSING
K7M1,3,5,8,✗ MISSING
KN23,3,5,8,✗ MISSING
K17K,5,3,8,✗ MISSING
KE41,4,4,8,✗ MISSING
K8V7,5,3,8,✗ MISSING
K7M4,3,5,8,✗ MISSING
KS34,3,5,8,✗ MISSING
K4M7,4,4,8,✗ MISSING
KM16,2,5,7,✗ MISSING
KZ15,1,6,7,✗ MISSING
KE95,4,3,7,✗ MISSING
KY19,2,5,7,✗ MISSING
KN27,3,4,7,✗ MISSING
K8T6,4,3,7,✗ MISSING
K3M8,0,7,7,✗ MISSING
K3Y2,3,4,7,✗ MISSING
K3CU,3,4,7,✗ MISSING
KM60,4,3,7,✗ MISSING
K24J,3,4,7,✗ MISSING
K0V7,3,4,7,✗ MISSING
KU76,4,3,7,✗ MISSING
KN51,3,3,6,✗ MISSING
K02A,3,3,6,✗ MISSING
KU34,3,3,6,✗ MISSING
KVBW,3,3,6,✗ MISSING
K57C,2,4,6,✗ MISSING
KC62,3,3,6,✗ MISSING
KNUC,4,2,6,✗ MISSING
KK15,1,5,6,✗ MISSING
KO08,2,4,6,✗ MISSING
KT05,3,3,6,✗ MISSING
K45R,2,4,6,✗ MISSING
K2R5,4,2,6,✗ MISSING
K2S7,3,3,6,✗ MISSING
KF22,3,3,6,✗ MISSING
K06U,2,4,6,✗ MISSING
KC91,3,3,6,✗ MISSING
K1L9,2,4,6,✗ MISSING
KTNX,3,3,6,✗ MISSING
KE16,1,5,6,✗ MISSING
K3R4,2,4,6,✗ MISSING
K7A6,2,4,6,✗ MISSING
KM70,3,3,6,✗ MISSING
K33U,3,3,6,✗ MISSING
K2V6,3,2,5,✗ MISSING
K47A,3,2,5,✗ MISSING
KS27,2,3,5,✗ MISSING
KU08,3,2,5,✗ MISSING
KU55,3,2,5,✗ MISSING
K2R0,2,3,5,✗ MISSING
K4S1,2,3,5,✗ MISSING
K44U,2,3,5,✗ MISSING
K6D9,2,3,5,✗ MISSING
KBLD,5,0,5,✗ MISSING
KN87,3,2,5,✗ MISSING
KN98,2,3,5,✗ MISSING
KK89,3,2,5,✗ MISSING
K59B,2,3,5,✗ MISSING
K2R4,2,3,5,✗ MISSING
KM53,2,3,5,✗ MISSING
K2J5,2,3,5,✗ MISSING
K06C,2,3,5,✗ MISSING
KU14,2,2,4,✗ MISSING
K8N2,2,2,4,✗ MISSING
K1K7,1,3,4,✗ MISSING
K3K3,2,2,4,✗ MISSING
KU12,2,2,4,✗ MISSING
KMMM,4,0,4,✗ MISSING
KE57,2,2,4,✗ MISSING
KMC1,4,0,4,✗ MISSING
K9S5,2,2,4,✗ MISSING
K6S3,2,2,4,✗ MISSING
KT74,2,2,4,✗ MISSING
K9K7,2,2,4,✗ MISSING
K1O2,3,1,4,✗ MISSING
K2R2,2,2,4,✗ MISSING
K22S,2,2,4,✗ MISSING
K23R,2,2,4,✗ MISSING
KE14,1,3,4,✗ MISSING
KDPG,2,2,4,✗ MISSING
K4M3,3,1,4,✗ MISSING
K4U9,2,2,4,✗ MISSING
KT20,2,2,4,✗ MISSING
K1A6,2,2,4,✗ MISSING
KI22,2,2,4,✗ MISSING
K48K,3,1,4,✗ MISSING
KI06,1,3,4,✗ MISSING
K2O6,2,2,4,✗ MISSING
KMUF,1,3,4,✗ MISSING
KL22,2,2,4,✗ MISSING
KS97,1,3,4,✗ MISSING
KF87,1,3,4,✗ MISSING
K00M,0,4,4,✗ MISSING
KF75,2,2,4,✗ MISSING
KF47,2,2,4,✗ MISSING
K61A,2,2,4,✗ MISSING
KT78,2,2,4,✗ MISSING
K16D,1,3,4,✗ MISSING
KP14,2,2,4,✗ MISSING
K1U7,2,2,4,✗ MISSING
KBZA,3,0,3,✗ MISSING
KM36,0,3,3,✗ MISSING
KM50,2,1,3,✗ MISSING
KM55,0,3,3,✗ MISSING
KM77,1,2,3,✗ MISSING
KX04,2,1,3,✗ MISSING
KN14,1,2,3,✗ MISSING
KL45,1,2,3,✗ MISSING
KW32,0,3,3,✗ MISSING
K00R,1,2,3,✗ MISSING
KK44,1,2,3,✗ MISSING
KVIO,0,3,3,✗ MISSING
KO53,1,2,3,✗ MISSING
KO86,1,2,3,✗ MISSING
KF98,1,2,3,✗ MISSING
K06M,2,1,3,✗ MISSING
K0B1,1,2,3,✗ MISSING
KS40,2,1,3,✗ MISSING
KK78,1,2,3,✗ MISSING
K5F1,2,1,3,✗ MISSING
K50R,1,2,3,✗ MISSING
K2T1,1,2,3,✗ MISSING
K32A,2,1,3,✗ MISSING
K35D,2,1,3,✗ MISSING
K1D1,1,2,3,✗ MISSING
K1A3,1,2,3,✗ MISSING
K6G1,2,1,3,✗ MISSING
K62S,1,2,3,✗ MISSING
K0F2,1,2,3,✗ MISSING
K39N,2,1,3,✗ MISSING
K14M,1,2,3,✗ MISSING
K9A5,2,1,3,✗ MISSING
K2B7,2,1,3,✗ MISSING
K3G4,2,1,3,✗ MISSING
K7W5,3,0,3,✗ MISSING
K81R,2,1,3,✗ MISSING
K4B6,1,1,2,✗ MISSING
KT88,0,2,2,✗ MISSING
KM23,0,2,2,✗ MISSING
KO41,0,2,2,✗ MISSING
KO32,1,1,2,✗ MISSING
K4A4,0,2,2,✗ MISSING
K50I,1,1,2,✗ MISSING
KTIJ,0,2,2,✗ MISSING
K7V2,1,1,2,✗ MISSING
K18I,2,0,2,✗ MISSING
K17N,1,1,2,✗ MISSING
K17G,1,1,2,✗ MISSING
K8WC,1,1,2,✗ MISSING
KW96,1,1,2,✗ MISSING
KNUW,1,1,2,✗ MISSING
KT50,1,1,2,✗ MISSING
K23M,1,1,2,✗ MISSING
KT69,1,1,2,✗ MISSING
K2F7,1,1,2,✗ MISSING
K2H0,1,1,2,✗ MISSING
KM13,1,1,2,✗ MISSING
KI93,1,1,2,✗ MISSING
KCKA,0,2,2,✗ MISSING
KP03,1,1,2,✗ MISSING
KK62,1,1,2,✗ MISSING
K3R9,0,2,2,✗ MISSING
K3I3,1,1,2,✗ MISSING
KE48,1,1,2,✗ MISSING
KI17,1,1,2,✗ MISSING
KA20,1,1,2,✗ MISSING
K9S2,1,1,2,✗ MISSING
KP23,1,1,2,✗ MISSING
K3K7,1,1,2,✗ MISSING
KE05,1,1,2,✗ MISSING
KGQO,0,2,2,✗ MISSING
K9D4,1,1,2,✗ MISSING
KL06,1,1,2,✗ MISSING
KL31,1,1,2,✗ MISSING
K44N,0,2,2,✗ MISSING
KT85,1,1,2,✗ MISSING
KX39,1,1,2,✗ MISSING
KS87,0,2,2,✗ MISSING
K2O8,1,1,2,✗ MISSING
K24A,1,1,2,✗ MISSING
KH76,1,1,2,✗ MISSING
KGBR,1,1,2,✗ MISSING
K6R6,1,1,2,✗ MISSING
KU02,1,1,2,✗ MISSING
K5A4,0,2,2,✗ MISSING
KZ98,1,1,2,✗ MISSING
KM44,1,1,2,✗ MISSING
KM41,1,1,2,✗ MISSING
KN69,1,1,2,✗ MISSING
KM46,1,1,2,✗ MISSING
K82V,1,1,2,✗ MISSING
K06D,1,1,2,✗ MISSING
K82C,1,1,2,✗ MISSING
K08D,1,1,2,✗ MISSING
K09J,0,2,2,✗ MISSING
K80F,0,2,2,✗ MISSING
KX61,2,0,2,✗ MISSING
KX58,2,0,2,✗ MISSING
K00U,0,2,2,✗ MISSING
K7D3,1,1,2,✗ MISSING
K5N8,1,1,2,✗ MISSING
KEHF,2,0,2,✗ MISSING
KC81,1,1,2,✗ MISSING
K1C1,1,1,2,✗ MISSING
KF49,1,1,2,✗ MISSING
KH19,1,1,2,✗ MISSING
KF88,1,1,2,✗ MISSING
K11A,1,1,2,✗ MISSING
K8G6,1,1,2,✗ MISSING
K0R4,1,1,2,✗ MISSING
K0S9,1,1,2,✗ MISSING
K0V3,1,1,2,✗ MISSING
KX13,1,1,2,✗ MISSING
KX10,1,1,2,✗ MISSING
KC20,1,1,2,✗ MISSING
K7C3,0,1,1,✗ MISSING
K7A8,0,1,1,✗ MISSING
K1S5,0,1,1,✗ MISSING
K22M,0,1,1,✗ MISSING
K20A,1,0,1,✗ MISSING
K1M9,1,0,1,✗ MISSING
KCAM,0,1,1,✗ MISSING
KILA,0,1,1,✗ MISSING
K1X1,0,1,1,✗ MISSING
KC47,0,1,1,✗ MISSING
K7A3,1,0,1,✗ MISSING
K1R4,0,1,1,✗ MISSING
K3TR,1,0,1,✗ MISSING
K6N5,1,0,1,✗ MISSING
KGIJ,0,1,1,✗ MISSING
K70J,1,0,1,✗ MISSING
KIIU,1,0,1,✗ MISSING
KOKB,0,1,1,✗ MISSING
KCCC,1,0,1,✗ MISSING
K3AU,0,1,1,✗ MISSING
K3A7,0,1,1,✗ MISSING
K38U,1,0,1,✗ MISSING
K38J,1,0,1,✗ MISSING
K33J,1,0,1,✗ MISSING
K2RR,0,1,1,✗ MISSING
KHPW,0,1,1,✗ MISSING
KS83,1,0,1,✗ MISSING
KNLD,1,0,1,✗ MISSING
KH92,1,0,1,✗ MISSING
KNJW,1,0,1,✗ MISSING
K47K,0,1,1,✗ MISSING
KMVM,0,1,1,✗ MISSING
K5K2,0,1,1,✗ MISSING
K5R1,1,0,1,✗ MISSING
KCZQ,1,0,1,✗ MISSING
K5R4,0,1,1,✗ MISSING
KD00,0,1,1,✗ MISSING
K5W4,0,1,1,✗ MISSING
K63C,0,1,1,✗ MISSING
KN12,1,0,1,✗ MISSING
KMXL,1,0,1,✗ MISSING
K67A,0,1,1,✗ MISSING
KDBL,0,1,1,✗ MISSING
K6B0,1,0,1,✗ MISSING
KT35,0,1,1,✗ MISSING
K2F4,0,1,1,✗ MISSING
K2K4,0,1,1,✗ MISSING
KT00,0,1,1,✗ MISSING
KE77,1,0,1,✗ MISSING
KI74,0,1,1,✗ MISSING
KE52,1,0,1,✗ MISSING
KSVM,1,0,1,✗ MISSING
KE13,1,0,1,✗ MISSING
KHYP,1,0,1,✗ MISSING
KHYK,0,1,1,✗ MISSING
K3GM,1,0,1,✗ MISSING
K4D0,1,0,1,✗ MISSING
KHVQ,0,1,1,✗ MISSING
KO37,0,1,1,✗ MISSING
KO26,1,0,1,✗ MISSING
K4S2,1,0,1,✗ MISSING
K50D,0,1,1,✗ MISSING
K51J,0,1,1,✗ MISSING
K53A,1,0,1,✗ MISSING
KRZC,0,1,1,✗ MISSING
KCRC,0,1,1,✗ MISSING
KS03,1,0,1,✗ MISSING
KMQO,1,0,1,✗ MISSING
K6J0,0,1,1,✗ MISSING
KL00,0,1,1,✗ MISSING
K3M9,1,0,1,✗ MISSING
K3N6,0,1,1,✗ MISSING
K3O3,0,1,1,✗ MISSING
K3R2,1,0,1,✗ MISSING
KK81,1,0,1,✗ MISSING
KK57,0,1,1,✗ MISSING
KK16,0,1,1,✗ MISSING
KETX,1,0,1,✗ MISSING
K1B9,0,1,1,✗ MISSING
K9A4,0,1,1,✗ MISSING
KJRF,0,1,1,✗ MISSING
KJRA,1,0,1,✗ MISSING
K9A0,0,1,1,✗ MISSING
KM27,1,0,1,✗ MISSING
KM29,0,1,1,✗ MISSING
KJOT,0,1,1,✗ MISSING
KUCA,1,0,1,✗ MISSING
K99N,1,0,1,✗ MISSING
K92C,1,0,1,✗ MISSING
KA39,1,0,1,✗ MISSING
KHFF,0,1,1,✗ MISSING
KY50,1,0,1,✗ MISSING
KX59,0,1,1,✗ MISSING
K09R,1,0,1,✗ MISSING
KZQA,1,0,1,✗ MISSING
KZ12,0,1,1,✗ MISSING
KFBK,1,0,1,✗ MISSING
KY95,1,0,1,✗ MISSING
K0Q5,0,1,1,✗ MISSING
K19S,0,1,1,✗ MISSING
KF89,0,1,1,✗ MISSING
KF53,1,0,1,✗ MISSING
KF41,1,0,1,✗ MISSING
K15M,1,0,1,✗ MISSING
KW24,0,1,1,✗ MISSING
KW18,0,1,1,✗ MISSING
KL72,1,0,1,✗ MISSING
KL65,1,0,1,✗ MISSING
KL32,0,1,1,✗ MISSING
KL05,0,1,1,✗ MISSING
K0W3,1,0,1,✗ MISSING
K1D8,0,1,1,✗ MISSING
KM37,0,1,1,✗ MISSING
K1E2,0,1,1,✗ MISSING
KU03,0,1,1,✗ MISSING
KU69,1,0,1,✗ MISSING
K1L1,1,0,1,✗ MISSING
K88J,0,1,1,✗ MISSING
K1M2,0,1,1,✗ MISSING
KU88,0,1,1,✗ MISSING
K05D,1,0,1,✗ MISSING
KM51,0,1,1,✗ MISSING
KM66,1,0,1,✗ MISSING
KM73,0,1,1,✗ MISSING
KNTU,0,0,0,✓ Mapped
KNTD,0,0,0,✓ Mapped
KOTG,0,0,0,✓ Mapped
KNRN,0,0,0,✓ Mapped
KNQX,0,0,0,✓ Mapped
KOSU,0,0,0,✓ Mapped
KPGV,0,0,0,✓ Mapped
KOTH,0,0,0,✓ Mapped
KPDX,0,0,0,✓ Mapped
KPEA,0,0,0,✓ Mapped
KPEO,0,0,0,✓ Mapped
KPEQ,0,0,0,✓ Mapped
KOUN,0,0,0,✓ Mapped
KPEZ,0,0,0,✓ Mapped
KPGA,0,0,0,✓ Mapped
KPGD,0,0,0,✓ Mapped
KPGR,0,0,0,✓ Mapped
KOTM,0,0,0,✓ Mapped
KPBI,0,0,0,✓ Mapped
KPBX,0,0,0,✓ Mapped
KO22,0,0,0,✓ Mapped
KPBH,0,0,0,✓ Mapped
KPCD,0,0,0,✓ Mapped
KPCM,0,0,0,✓ Mapped
KPCW,0,0,0,✓ Mapped
KPBG,0,0,0,✓ Mapped
KNUQ,0,0,0,✓ Mapped
KPDC,0,0,0,✓ Mapped
KPBF,0,0,0,✓ Mapped
KNZY,0,0,0,✓ Mapped
KPAN,0,0,0,✓ Mapped
KNYL,0,0,0,✓ Mapped
KPDK,0,0,0,✓ Mapped
KNVD,0,0,0,✓ Mapped
KPDT,0,0,0,✓ Mapped
KOSX,0,0,0,✓ Mapped
KPCZ,0,0,0,✓ Mapped
KNHK,0,0,0,✓ Mapped
KNGU,0,0,0,✓ Mapped
KNEW,0,0,0,✓ Mapped
KNEL,0,0,0,✓ Mapped
KNCA,0,0,0,✓ Mapped
KPHX,0,0,0,✓ Mapped
KPIA,0,0,0,✓ Mapped
KPIB,0,0,0,✓ Mapped
KPIE,0,0,0,✓ Mapped
K4B8,0,0,0,✓ Mapped
KPIL,0,0,0,✓ Mapped
KPIM,0,0,0,✓ Mapped
KPIR,0,0,0,✓ Mapped
KPIT,0,0,0,✓ Mapped
KOWB,0,0,0,✓ Mapped
KPJY,0,0,0,✓ Mapped
KMZZ,0,0,0,✓ Mapped
KMZJ,0,0,0,✓ Mapped
KMYZ,0,0,0,✓ Mapped
KMYV,0,0,0,✓ Mapped
KPIH,0,0,0,✓ Mapped
KPHD,0,0,0,✓ Mapped
KOVE,0,0,0,✓ Mapped
KPHF,0,0,0,✓ Mapped
KOVL,0,0,0,✓ Mapped
KOVO,0,0,0,✓ Mapped
KPHG,0,0,0,✓ Mapped
KPHH,0,0,0,✓ Mapped
KNQI,0,0,0,✓ Mapped
KNQA,0,0,0,✓ Mapped
KPHT,0,0,0,✓ Mapped
KNPA,0,0,0,✓ Mapped
KNMM,0,0,0,✓ Mapped
KPHL,0,0,0,✓ Mapped
KOVS,0,0,0,✓ Mapped
KNKX,0,0,0,✓ Mapped
KOWA,0,0,0,✓ Mapped
KNKT,0,0,0,✓ Mapped
KPHN,0,0,0,✓ Mapped
KPHP,0,0,0,✓ Mapped
KNIP,0,0,0,✓ Mapped
KPHK,0,0,0,✓ Mapped
KOLF,0,0,0,✓ Mapped
KOLE,0,0,0,✓ Mapped
KOLD,0,0,0,✓ Mapped
KOKZ,0,0,0,✓ Mapped
KOKV,0,0,0,✓ Mapped
KOKS,0,0,0,✓ Mapped
KOKM,0,0,0,✓ Mapped
KOKK,0,0,0,✓ Mapped
KOKC,0,0,0,✓ Mapped
KOSC,0,0,0,✓ Mapped
KOJC,0,0,0,✓ Mapped
KOJA,0,0,0,✓ Mapped
KOQU,0,0,0,✓ Mapped
KORB,0,0,0,✓ Mapped
KORD,0,0,0,✓ Mapped
KOWD,0,0,0,✓ Mapped
KOWI,0,0,0,✓ Mapped
KOWP,0,0,0,✓ Mapped
KOWX,0,0,0,✓ Mapped
KOXB,0,0,0,✓ Mapped
KOQN,0,0,0,✓ Mapped
KONZ,0,0,0,✓ Mapped
KONY,0,0,0,✓ Mapped
KONX,0,0,0,✓ Mapped
KOOA,0,0,0,✓ Mapped
KONT,0,0,0,✓ Mapped
KONP,0,0,0,✓ Mapped
KONO,0,0,0,✓ Mapped
KONM,0,0,0,✓ Mapped
KONL,0,0,0,✓ Mapped
KOLM,0,0,0,✓ Mapped
KOPF,0,0,0,✓ Mapped
KOMN,0,0,0,✓ Mapped
KOPL,0,0,0,✓ Mapped
KOMK,0,0,0,✓ Mapped
KOMA,0,0,0,✓ Mapped
KOLY,0,0,0,✓ Mapped
KOLV,0,0,0,✓ Mapped
KOPN,0,0,0,✓ Mapped
KOLU,0,0,0,✓ Mapped
KOLS,0,0,0,✓ Mapped
KONA,0,0,0,✓ Mapped
KOEO,0,0,0,✓ Mapped
KOEL,0,0,0,✓ Mapped
KORK,0,0,0,✓ Mapped
KORL,0,0,0,✓ Mapped
KOEB,0,0,0,✓ Mapped
KODX,0,0,0,✓ Mapped
KODO,0,0,0,✓ Mapped
KOCW,0,0,0,✓ Mapped
KOSA,0,0,0,✓ Mapped
KOXC,0,0,0,✓ Mapped
KOCF,0,0,0,✓ Mapped
KOBI,0,0,0,✓ Mapped
KPAE,0,0,0,✓ Mapped
KOBE,0,0,0,✓ Mapped
KOAR,0,0,0,✓ Mapped
KOAK,0,0,0,✓ Mapped
KOAJ,0,0,0,✓ Mapped
KPAH,0,0,0,✓ Mapped
KPAM,0,0,0,✓ Mapped
KOSH,0,0,0,✓ Mapped
KOCH,0,0,0,✓ Mapped
KOXD,0,0,0,✓ Mapped
KOXI,0,0,0,✓ Mapped
KOXR,0,0,0,✓ Mapped
KOXV,0,0,0,✓ Mapped
KOYM,0,0,0,✓ Mapped
KORE,0,0,0,✓ Mapped
KOZA,0,0,0,✓ Mapped
KOZR,0,0,0,✓ Mapped
KOIC,0,0,0,✓ Mapped
KOFF,0,0,0,✓ Mapped
KORF,0,0,0,✓ Mapped
KOGD,0,0,0,✓ Mapped
KOZS,0,0,0,✓ Mapped
KOZW,0,0,0,✓ Mapped
KOGB,0,0,0,✓ Mapped
KORG,0,0,0,✓ Mapped
KORH,0,0,0,✓ Mapped
KOGA,0,0,0,✓ Mapped
KOFP,0,0,0,✓ Mapped
KOFK,0,0,0,✓ Mapped
KOGS,0,0,0,✓ Mapped
KMBY,0,0,0,✓ Mapped
KMBT,0,0,0,✓ Mapped
KMBS,0,0,0,✓ Mapped
KMBO,0,0,0,✓ Mapped
KMBL,0,0,0,✓ Mapped
KMBG,0,0,0,✓ Mapped
KMAW,0,0,0,✓ Mapped
KMAO,0,0,0,✓ Mapped
KMAN,0,0,0,✓ Mapped
KMAI,0,0,0,✓ Mapped
KMAF,0,0,0,✓ Mapped
KMAE,0,0,0,✓ Mapped
KMAC,0,0,0,✓ Mapped
K7W6,0,0,0,✓ Mapped
KPJC,0,0,0,✓ Mapped
KAAF,0,0,0,✓ Mapped
KAAO,0,0,0,✓ Mapped
KAAS,0,0,0,✓ Mapped
KAAT,0,0,0,✓ Mapped
KABE,0,0,0,✓ Mapped
KLZZ,0,0,0,✓ Mapped
KLZU,0,0,0,✓ Mapped
KLYV,0,0,0,✓ Mapped
KLYH,0,0,0,✓ Mapped
KLXY,0,0,0,✓ Mapped
KLXV,0,0,0,✓ Mapped
KLXT,0,0,0,✓ Mapped
KLXN,0,0,0,✓ Mapped
KLXL,0,0,0,✓ Mapped
KAAA,0,0,0,✓ Mapped
KMFR,0,0,0,✓ Mapped
KMFI,0,0,0,✓ Mapped
KMFE,0,0,0,✓ Mapped
KMFD,0,0,0,✓ Mapped
KMEZ,0,0,0,✓ Mapped
KMEV,0,0,0,✓ Mapped
KMER,0,0,0,✓ Mapped
KMEM,0,0,0,✓ Mapped
KMEJ,0,0,0,✓ Mapped
KMEI,0,0,0,✓ Mapped
KMEB,0,0,0,✓ Mapped
KMDZ,0,0,0,✓ Mapped
KMDW,0,0,0,✓ Mapped
KMDT,0,0,0,✓ Mapped
KMCB,0,0,0,✓ Mapped
KMDQ,0,0,0,✓ Mapped
KMDH,0,0,0,✓ Mapped
KMDD,0,0,0,✓ Mapped
KMCZ,0,0,0,✓ Mapped
KMCX,0,0,0,✓ Mapped
KMCW,0,0,0,✓ Mapped
KMCO,0,0,0,✓ Mapped
KMCN,0,0,0,✓ Mapped
KMCK,0,0,0,✓ Mapped
KMCI,0,0,0,✓ Mapped
KMCF,0,0,0,✓ Mapped
KMCE,0,0,0,✓ Mapped
KMCD,0,0,0,✓ Mapped
KMCC,0,0,0,✓ Mapped
KMDS,0,0,0,✓ Mapped
KLRD,0,0,0,✓ Mapped
KLQR,0,0,0,✓ Mapped
KLQK,0,0,0,✓ Mapped
KLPR,0,0,0,✓ Mapped
KLPC,0,0,0,✓ Mapped
KLOZ,0,0,0,✓ Mapped
KLOU,0,0,0,✓ Mapped
KLOT,0,0,0,✓ Mapped
KLOM,0,0,0,✓ Mapped
KLNS,0,0,0,✓ Mapped
KLNR,0,0,0,✓ Mapped
KLNP,0,0,0,✓ Mapped
KLNN,0,0,0,✓ Mapped
KLNL,0,0,0,✓ Mapped
KLWV,0,0,0,✓ Mapped
KLND,0,0,0,✓ Mapped
KLNC,0,0,0,✓ Mapped
KLNA,0,0,0,✓ Mapped
KLMT,0,0,0,✓ Mapped
KLMS,0,0,0,✓ Mapped
KLMO,0,0,0,✓ Mapped
KLLU,0,0,0,✓ Mapped
KLLR,0,0,0,✓ Mapped
KLLQ,0,0,0,✓ Mapped
KLLN,0,0,0,✓ Mapped
KLLJ,0,0,0,✓ Mapped
KLKV,0,0,0,✓ Mapped
KLKU,0,0,0,✓ Mapped
KLKP,0,0,0,✓ Mapped
KLNK,0,0,0,✓ Mapped
KLWT,0,0,0,✓ Mapped
KLWS,0,0,0,✓ Mapped
KLWM,0,0,0,✓ Mapped
KLWL,0,0,0,✓ Mapped
KLWC,0,0,0,✓ Mapped
KLWB,0,0,0,✓ Mapped
KLWA,0,0,0,✓ Mapped
KLVS,0,0,0,✓ Mapped
KLVN,0,0,0,✓ Mapped
KLVM,0,0,0,✓ Mapped
KLVK,0,0,0,✓ Mapped
KLVJ,0,0,0,✓ Mapped
KLUX,0,0,0,✓ Mapped
KLUV,0,0,0,✓ Mapped
KLRF,0,0,0,✓ Mapped
KLUL,0,0,0,✓ Mapped
KLUK,0,0,0,✓ Mapped
KLUG,0,0,0,✓ Mapped
KLUD,0,0,0,✓ Mapped
KLTS,0,0,0,✓ Mapped
KLSV,0,0,0,✓ Mapped
KLSN,0,0,0,✓ Mapped
KLSK,0,0,0,✓ Mapped
KLSF,0,0,0,✓ Mapped
KLSE,0,0,0,✓ Mapped
KLSB,0,0,0,✓ Mapped
KLRU,0,0,0,✓ Mapped
KLRO,0,0,0,✓ Mapped
KLRJ,0,0,0,✓ Mapped
KLUM,0,0,0,✓ Mapped
KMSY,0,0,0,✓ Mapped
KMSV,0,0,0,✓ Mapped
KMSS,0,0,0,✓ Mapped
KMSP,0,0,0,✓ Mapped
KMSO,0,0,0,✓ Mapped
KMSN,0,0,0,✓ Mapped
KMSL,0,0,0,✓ Mapped
KMRY,0,0,0,✓ Mapped
KMRT,0,0,0,✓ Mapped
KMRN,0,0,0,✓ Mapped
KMRJ,0,0,0,✓ Mapped
KMRH,0,0,0,✓ Mapped
KMRF,0,0,0,✓ Mapped
KMRC,0,0,0,✓ Mapped
KMFV,0,0,0,✓ Mapped
KMQY,0,0,0,✓ Mapped
KMQW,0,0,0,✓ Mapped
KMQS,0,0,0,✓ Mapped
KMQJ,0,0,0,✓ Mapped
KMQI,0,0,0,✓ Mapped
KMQB,0,0,0,✓ Mapped
KMPZ,0,0,0,✓ Mapped
KMPV,0,0,0,✓ Mapped
KMPR,0,0,0,✓ Mapped
KMPO,0,0,0,✓ Mapped
KMPJ,0,0,0,✓ Mapped
KMPI,0,0,0,✓ Mapped
KMPE,0,0,0,✓ Mapped
KMOX,0,0,0,✓ Mapped
KMRB,0,0,0,✓ Mapped
KMYR,0,0,0,✓ Mapped
KMYL,0,0,0,✓ Mapped
KMYJ,0,0,0,✓ Mapped
KMYF,0,0,0,✓ Mapped
KMXO,0,0,0,✓ Mapped
KMXF,0,0,0,✓ Mapped
KMXA,0,0,0,✓ Mapped
KMWO,0,0,0,✓ Mapped
KMWM,0,0,0,✓ Mapped
KMWL,0,0,0,✓ Mapped
KMWK,0,0,0,✓ Mapped
KMWH,0,0,0,✓ Mapped
KMWC,0,0,0,✓ Mapped
KMWA,0,0,0,✓ Mapped
KMTC,0,0,0,✓ Mapped
KMVN,0,0,0,✓ Mapped
KMVL,0,0,0,✓ Mapped
KMVI,0,0,0,✓ Mapped
KMVC,0,0,0,✓ Mapped
KMUT,0,0,0,✓ Mapped
KMUO,0,0,0,✓ Mapped
KMUL,0,0,0,✓ Mapped
KMTW,0,0,0,✓ Mapped
KMTV,0,0,0,✓ Mapped
KMTP,0,0,0,✓ Mapped
KMTO,0,0,0,✓ Mapped
KMTN,0,0,0,✓ Mapped
KMTJ,0,0,0,✓ Mapped
KMTH,0,0,0,✓ Mapped
KMVY,0,0,0,✓ Mapped
KMKL,0,0,0,✓ Mapped
KMKJ,0,0,0,✓ Mapped
KMKG,0,0,0,✓ Mapped
KMKE,0,0,0,✓ Mapped
KMKC,0,0,0,✓ Mapped
KMJX,0,0,0,✓ Mapped
KMJD,0,0,0,✓ Mapped
KMIW,0,0,0,✓ Mapped
KMIV,0,0,0,✓ Mapped
KMIT,0,0,0,✓ Mapped
KMIO,0,0,0,✓ Mapped
KMIE,0,0,0,✓ Mapped
KMIC,0,0,0,✓ Mapped
KMIA,0,0,0,✓ Mapped
KMOT,0,0,0,✓ Mapped
KMHT,0,0,0,✓ Mapped
KMHR,0,0,0,✓ Mapped
KMHP,0,0,0,✓ Mapped
KMHL,0,0,0,✓ Mapped
KMHK,0,0,0,✓ Mapped
KMHE,0,0,0,✓ Mapped
KMGY,0,0,0,✓ Mapped
KMGW,0,0,0,✓ Mapped
KMGR,0,0,0,✓ Mapped
KMGN,0,0,0,✓ Mapped
KMGM,0,0,0,✓ Mapped
KMGJ,0,0,0,✓ Mapped
KMGE,0,0,0,✓ Mapped
KMGC,0,0,0,✓ Mapped
KMHV,0,0,0,✓ Mapped
KMOR,0,0,0,✓ Mapped
KMOP,0,0,0,✓ Mapped
KMOD,0,0,0,✓ Mapped
KMOB,0,0,0,✓ Mapped
KMNZ,0,0,0,✓ Mapped
KMNV,0,0,0,✓ Mapped
KMNN,0,0,0,✓ Mapped
KMNM,0,0,0,✓ Mapped
KMNI,0,0,0,✓ Mapped
KMNF,0,0,0,✓ Mapped
KMNE,0,0,0,✓ Mapped
KMMV,0,0,0,✓ Mapped
KMMU,0,0,0,✓ Mapped
KMML,0,0,0,✓ Mapped
KMKN,0,0,0,✓ Mapped
KMMH,0,0,0,✓ Mapped
KMLU,0,0,0,✓ Mapped
KMLT,0,0,0,✓ Mapped
KMLS,0,0,0,✓ Mapped
KMLJ,0,0,0,✓ Mapped
KMLI,0,0,0,✓ Mapped
KMLF,0,0,0,✓ Mapped
KMLE,0,0,0,✓ Mapped
KMLC,0,0,0,✓ Mapped
KMLB,0,0,0,✓ Mapped
KMKY,0,0,0,✓ Mapped
KMKV,0,0,0,✓ Mapped
KMKT,0,0,0,✓ Mapped
KMKS,0,0,0,✓ Mapped
KMKO,0,0,0,✓ Mapped
KMMI,0,0,0,✓ Mapped
KTKX,0,0,0,✓ Mapped
KTKV,0,0,0,✓ Mapped
KTKI,0,0,0,✓ Mapped
KTIX,0,0,0,✓ Mapped
KTIW,0,0,0,✓ Mapped
KTIP,0,0,0,✓ Mapped
KTIK,0,0,0,✓ Mapped
KTIF,0,0,0,✓ Mapped
KTHV,0,0,0,✓ Mapped
KTHA,0,0,0,✓ Mapped
KTGC,0,0,0,✓ Mapped
KTFP,0,0,0,✓ Mapped
KTEX,0,0,0,✓ Mapped
KTEW,0,0,0,✓ Mapped
KTEL,0,0,0,✓ Mapped
KLKR,0,0,0,✓ Mapped
KTDZ,0,0,0,✓ Mapped
KTDW,0,0,0,✓ Mapped
KTDF,0,0,0,✓ Mapped
KTCY,0,0,0,✓ Mapped
KTCS,0,0,0,✓ Mapped
KTCM,0,0,0,✓ Mapped
KTCL,0,0,0,✓ Mapped
KTCC,0,0,0,✓ Mapped
KTBR,0,0,0,✓ Mapped
KTBN,0,0,0,✓ Mapped
KTAZ,0,0,0,✓ Mapped
KTAD,0,0,0,✓ Mapped
KSZY,0,0,0,✓ Mapped
KSZT,0,0,0,✓ Mapped
KSZL,0,0,0,✓ Mapped
KTEB,0,0,0,✓ Mapped
KTTD,0,0,0,✓ Mapped
KTTA,0,0,0,✓ Mapped
KTSP,0,0,0,✓ Mapped
KTSO,0,0,0,✓ Mapped
KTRX,0,0,0,✓ Mapped
KTRM,0,0,0,✓ Mapped
KTRL,0,0,0,✓ Mapped
KTRK,0,0,0,✓ Mapped
KTRI,0,0,0,✓ Mapped
KTQK,0,0,0,✓ Mapped
KTQH,0,0,0,✓ Mapped
KTQE,0,0,0,✓ Mapped
KTPL,0,0,0,✓ Mapped
KTPH,0,0,0,✓ Mapped
KTPF,0,0,0,✓ Mapped
KTLH,0,0,0,✓ Mapped
KTOR,0,0,0,✓ Mapped
KTOP,0,0,0,✓ Mapped
KTOL,0,0,0,✓ Mapped
KTOI,0,0,0,✓ Mapped
KTOC,0,0,0,✓ Mapped
KTOB,0,0,0,✓ Mapped
KTOA,0,0,0,✓ Mapped
KTNU,0,0,0,✓ Mapped
KTNT,0,0,0,✓ Mapped
KTNP,0,0,0,✓ Mapped
KTMK,0,0,0,✓ Mapped
KTME,0,0,0,✓ Mapped
KTMB,0,0,0,✓ Mapped
KTMA,0,0,0,✓ Mapped
KTLR,0,0,0,✓ Mapped
KTPA,0,0,0,✓ Mapped
KSSF,0,0,0,✓ Mapped
KSSC,0,0,0,✓ Mapped
KSRR,0,0,0,✓ Mapped
KSRQ,0,0,0,✓ Mapped
KSRE,0,0,0,✓ Mapped
KSRC,0,0,0,✓ Mapped
KSRB,0,0,0,✓ Mapped
KSQL,0,0,0,✓ Mapped
KSQI,0,0,0,✓ Mapped
KSPZ,0,0,0,✓ Mapped
KSPW,0,0,0,✓ Mapped
KSPS,0,0,0,✓ Mapped
KSPK,0,0,0,✓ Mapped
KSPI,0,0,0,✓ Mapped
KSPG,0,0,0,✓ Mapped
KSYV,0,0,0,✓ Mapped
KSPB,0,0,0,✓ Mapped
KSPA,0,0,0,✓ Mapped
KSOW,0,0,0,✓ Mapped
KSOP,0,0,0,✓ Mapped
KSOA,0,0,0,✓ Mapped
KSNY,0,0,0,✓ Mapped
KSNS,0,0,0,✓ Mapped
KSNL,0,0,0,✓ Mapped
KSNK,0,0,0,✓ Mapped
KSNH,0,0,0,✓ Mapped
KSNA,0,0,0,✓ Mapped
KSMX,0,0,0,✓ Mapped
KSMS,0,0,0,✓ Mapped
KSMQ,0,0,0,✓ Mapped
KSMO,0,0,0,✓ Mapped
KSPF,0,0,0,✓ Mapped
KSYR,0,0,0,✓ Mapped
KSYM,0,0,0,✓ Mapped
KSYI,0,0,0,✓ Mapped
KSYF,0,0,0,✓ Mapped
KSXU,0,0,0,✓ Mapped
KSXK,0,0,0,✓ Mapped
KSWW,0,0,0,✓ Mapped
KSWT,0,0,0,✓ Mapped
KSWO,0,0,0,✓ Mapped
KSWI,0,0,0,✓ Mapped
KSWF,0,0,0,✓ Mapped
KSVN,0,0,0,✓ Mapped
KSVH,0,0,0,✓ Mapped
KSVC,0,0,0,✓ Mapped
KSUZ,0,0,0,✓ Mapped
KSSI,0,0,0,✓ Mapped
KSTC,0,0,0,✓ Mapped
KSTE,0,0,0,✓ Mapped
KSTF,0,0,0,✓ Mapped
KSTJ,0,0,0,✓ Mapped
KSTK,0,0,0,✓ Mapped
KSTL,0,0,0,✓ Mapped
KSTP,0,0,0,✓ Mapped
KSUX,0,0,0,✓ Mapped
KSUA,0,0,0,✓ Mapped
KSUE,0,0,0,✓ Mapped
KSUN,0,0,0,✓ Mapped
KSUO,0,0,0,✓ Mapped
KSUS,0,0,0,✓ Mapped
KSUT,0,0,0,✓ Mapped
KSUU,0,0,0,✓ Mapped
KSUW,0,0,0,✓ Mapped
KSTS,0,0,0,✓ Mapped
KWAL,0,0,0,✓ Mapped
K18A,0,0,0,✓ Mapped
KVYS,0,0,0,✓ Mapped
KVVS,0,0,0,✓ Mapped
KVUJ,0,0,0,✓ Mapped
KVTN,0,0,0,✓ Mapped
KVTI,0,0,0,✓ Mapped
KVTA,0,0,0,✓ Mapped
KVSF,0,0,0,✓ Mapped
KVRB,0,0,0,✓ Mapped
KVQQ,0,0,0,✓ Mapped
KVPZ,0,0,0,✓ Mapped
KVPS,0,0,0,✓ Mapped
KVPC,0,0,0,✓ Mapped
KVOK,0,0,0,✓ Mapped
KTTF,0,0,0,✓ Mapped
KVNW,0,0,0,✓ Mapped
KVNC,0,0,0,✓ Mapped
KVMR,0,0,0,✓ Mapped
KVLL,0,0,0,✓ Mapped
KVLD,0,0,0,✓ Mapped
KVLA,0,0,0,✓ Mapped
KVKS,0,0,0,✓ Mapped
KVJI,0,0,0,✓ Mapped
KVIS,0,0,0,✓ Mapped
KVIH,0,0,0,✓ Mapped
KVHN,0,0,0,✓ Mapped
KVGT,0,0,0,✓ Mapped
KVGC,0,0,0,✓ Mapped
KVES,0,0,0,✓ Mapped
KVER,0,0,0,✓ Mapped
KVNY,0,0,0,✓ Mapped
K0E0,0,0,0,✓ Mapped
KXBP,0,0,0,✓ Mapped
KXFL,0,0,0,✓ Mapped
KXLL,0,0,0,✓ Mapped
KXNA,0,0,0,✓ Mapped
KXNX,0,0,0,✓ Mapped
KZPH,0,0,0,✓ Mapped
KZER,0,0,0,✓ Mapped
KZEF,0,0,0,✓ Mapped
KXSA,0,0,0,✓ Mapped
KYNG,0,0,0,✓ Mapped
KYKN,0,0,0,✓ Mapped
KYKM,0,0,0,✓ Mapped
KYIP,0,0,0,✓ Mapped
KXVG,0,0,0,✓ Mapped
KWDG,0,0,0,✓ Mapped
KWDR,0,0,0,✓ Mapped
KWJF,0,0,0,✓ Mapped
KWLD,0,0,0,✓ Mapped
KWLW,0,0,0,✓ Mapped
KWMC,0,0,0,✓ Mapped
KWRB,0,0,0,✓ Mapped
KWRI,0,0,0,✓ Mapped
KY63,0,0,0,✓ Mapped
KWST,0,0,0,✓ Mapped
KWVI,0,0,0,✓ Mapped
KWVL,0,0,0,✓ Mapped
KWWD,0,0,0,✓ Mapped
KWWR,0,0,0,✓ Mapped
KWYS,0,0,0,✓ Mapped
KZZV,0,0,0,✓ Mapped
KXWA,0,0,0,✓ Mapped
KWRL,0,0,0,✓ Mapped
KUDD,0,0,0,✓ Mapped
KUCY,0,0,0,✓ Mapped
KUCP,0,0,0,✓ Mapped
KUBS,0,0,0,✓ Mapped
KUBE,0,0,0,✓ Mapped
KUAO,0,0,0,✓ Mapped
KU64,0,0,0,✓ Mapped
K1K1,0,0,0,✓ Mapped
K1K8,0,0,0,✓ Mapped
KTZR,0,0,0,✓ Mapped
KTYS,0,0,0,✓ Mapped
KTYR,0,0,0,✓ Mapped
KTYQ,0,0,0,✓ Mapped
KTYL,0,0,0,✓ Mapped
KTXW,0,0,0,✓ Mapped
KVEL,0,0,0,✓ Mapped
KTWT,0,0,0,✓ Mapped
KTWM,0,0,0,✓ Mapped
KTWF,0,0,0,✓ Mapped
KTVY,0,0,0,✓ Mapped
KTVR,0,0,0,✓ Mapped
KTVL,0,0,0,✓ Mapped
KTVK,0,0,0,✓ Mapped
KTVI,0,0,0,✓ Mapped
KTVF,0,0,0,✓ Mapped
KTVC,0,0,0,✓ Mapped
KTUS,0,0,0,✓ Mapped
KTUP,0,0,0,✓ Mapped
KTUL,0,0,0,✓ Mapped
KTTS,0,0,0,✓ Mapped
KTTN,0,0,0,✓ Mapped
KTXK,0,0,0,✓ Mapped
KVDI,0,0,0,✓ Mapped
KVDF,0,0,0,✓ Mapped
KVCV,0,0,0,✓ Mapped
KVCT,0,0,0,✓ Mapped
KVCB,0,0,0,✓ Mapped
KVBT,0,0,0,✓ Mapped
KVAY,0,0,0,✓ Mapped
KVAD,0,0,0,✓ Mapped
KUZA,0,0,0,✓ Mapped
KUYF,0,0,0,✓ Mapped
KUXL,0,0,0,✓ Mapped
KUWL,0,0,0,✓ Mapped
KUVA,0,0,0,✓ Mapped
KUUV,0,0,0,✓ Mapped
KUUU,0,0,0,✓ Mapped
KUDG,0,0,0,✓ Mapped
KUES,0,0,0,✓ Mapped
KUGN,0,0,0,✓ Mapped
KUIN,0,0,0,✓ Mapped
KUKF,0,0,0,✓ Mapped
KUKI,0,0,0,✓ Mapped
KUKL,0,0,0,✓ Mapped
KULM,0,0,0,✓ Mapped
KUTS,0,0,0,✓ Mapped
KUMP,0,0,0,✓ Mapped
KUNI,0,0,0,✓ Mapped
KUNO,0,0,0,✓ Mapped
KUNU,0,0,0,✓ Mapped
KUNV,0,0,0,✓ Mapped
KUOS,0,0,0,✓ Mapped
KUOX,0,0,0,✓ Mapped
KUTA,0,0,0,✓ Mapped
KULS,0,0,0,✓ Mapped
KRCX,0,0,0,✓ Mapped
KRCV,0,0,0,✓ Mapped
KRCT,0,0,0,✓ Mapped
KRCR,0,0,0,✓ Mapped
KRCP,0,0,0,✓ Mapped
KRCM,0,0,0,✓ Mapped
KRCE,0,0,0,✓ Mapped
KRBW,0,0,0,✓ Mapped
KRBO,0,0,0,✓ Mapped
KRBL,0,0,0,✓ Mapped
KRBG,0,0,0,✓ Mapped
KRBE,0,0,0,✓ Mapped
KRBD,0,0,0,✓ Mapped
KRAW,0,0,0,✓ Mapped
KRAS,0,0,0,✓ Mapped
KSMN,0,0,0,✓ Mapped
KRAL,0,0,0,✓ Mapped
KRAC,0,0,0,✓ Mapped
KPZQ,0,0,0,✓ Mapped
KPYX,0,0,0,✓ Mapped
KPYP,0,0,0,✓ Mapped
KPYM,0,0,0,✓ Mapped
KPXE,0,0,0,✓ Mapped
KPWT,0,0,0,✓ Mapped
KPWM,0,0,0,✓ Mapped
KPWK,0,0,0,✓ Mapped
KPWG,0,0,0,✓ Mapped
KPWA,0,0,0,✓ Mapped
KPVW,0,0,0,✓ Mapped
KPVU,0,0,0,✓ Mapped
KPVJ,0,0,0,✓ Mapped
KRAP,0,0,0,✓ Mapped
KRMN,0,0,0,✓ Mapped
KRMG,0,0,0,✓ Mapped
KRME,0,0,0,✓ Mapped
KRLD,0,0,0,✓ Mapped
KRKW,0,0,0,✓ Mapped
KRKS,0,0,0,✓ Mapped
KRKR,0,0,0,✓ Mapped
KRKP,0,0,0,✓ Mapped
KRKD,0,0,0,✓ Mapped
KRIW,0,0,0,✓ Mapped
KRIV,0,0,0,✓ Mapped
KRIU,0,0,0,✓ Mapped
KRIL,0,0,0,✓ Mapped
KRIF,0,0,0,✓ Mapped
KRID,0,0,0,✓ Mapped
KRCZ,0,0,0,✓ Mapped
KRHV,0,0,0,✓ Mapped
KRHP,0,0,0,✓ Mapped
KRHI,0,0,0,✓ Mapped
KRGK,0,0,0,✓ Mapped
KRGA,0,0,0,✓ Mapped
KRFI,0,0,0,✓ Mapped
KRFG,0,0,0,✓ Mapped
KRFD,0,0,0,✓ Mapped
KREI,0,0,0,✓ Mapped
KREG,0,0,0,✓ Mapped
KRDU,0,0,0,✓ Mapped
KRDM,0,0,0,✓ Mapped
KRDK,0,0,0,✓ Mapped
KRDG,0,0,0,✓ Mapped
KRDD,0,0,0,✓ Mapped
KRIC,0,0,0,✓ Mapped
KPQL,0,0,0,✓ Mapped
KPQI,0,0,0,✓ Mapped
KPPQ,0,0,0,✓ Mapped
KPPO,0,0,0,✓ Mapped
KPPF,0,0,0,✓ Mapped
KPPA,0,0,0,✓ Mapped
KPOY,0,0,0,✓ Mapped
KPOV,0,0,0,✓ Mapped
KPOU,0,0,0,✓ Mapped
KPOH,0,0,0,✓ Mapped
KPOF,0,0,0,✓ Mapped
KPOC,0,0,0,✓ Mapped
KPOB,0,0,0,✓ Mapped
KPNT,0,0,0,✓ Mapped
KPNS,0,0,0,✓ Mapped
KPVG,0,0,0,✓ Mapped
KPNC,0,0,0,✓ Mapped
KPNA,0,0,0,✓ Mapped
KPMZ,0,0,0,✓ Mapped
KPMV,0,0,0,✓ Mapped
KPMU,0,0,0,✓ Mapped
KPMP,0,0,0,✓ Mapped
KPMH,0,0,0,✓ Mapped
KPMD,0,0,0,✓ Mapped
KPLR,0,0,0,✓ Mapped
KPLN,0,0,0,✓ Mapped
KPLK,0,0,0,✓ Mapped
KPLD,0,0,0,✓ Mapped
KPKV,0,0,0,✓ Mapped
KPKD,0,0,0,✓ Mapped
KPKB,0,0,0,✓ Mapped
KPNE,0,0,0,✓ Mapped
KPVF,0,0,0,✓ Mapped
KPVE,0,0,0,✓ Mapped
KPVD,0,0,0,✓ Mapped
KPVC,0,0,0,✓ Mapped
KPVB,0,0,0,✓ Mapped
KPUW,0,0,0,✓ Mapped
KPUJ,0,0,0,✓ Mapped
KPUC,0,0,0,✓ Mapped
KPUB,0,0,0,✓ Mapped
KPTW,0,0,0,✓ Mapped
KPTV,0,0,0,✓ Mapped
KPTT,0,0,0,✓ Mapped
KPTS,0,0,0,✓ Mapped
KPTN,0,0,0,✓ Mapped
KPTK,0,0,0,✓ Mapped
KPQN,0,0,0,✓ Mapped
KPRB,0,0,0,✓ Mapped
KPRC,0,0,0,✓ Mapped
KPRN,0,0,0,✓ Mapped
KPRO,0,0,0,✓ Mapped
KPRS,0,0,0,✓ Mapped
KPRX,0,0,0,✓ Mapped
KPRZ,0,0,0,✓ Mapped
KPTB,0,0,0,✓ Mapped
KPSC,0,0,0,✓ Mapped
KPSF,0,0,0,✓ Mapped
KPSK,0,0,0,✓ Mapped
KPSM,0,0,0,✓ Mapped
KPSN,0,0,0,✓ Mapped
KPSO,0,0,0,✓ Mapped
KPSP,0,0,0,✓ Mapped
KPSX,0,0,0,✓ Mapped
KPSB,0,0,0,✓ Mapped
KSGJ,0,0,0,✓ Mapped
KSGH,0,0,0,✓ Mapped
KSGF,0,0,0,✓ Mapped
KSFZ,0,0,0,✓ Mapped
KSFY,0,0,0,✓ Mapped
KSFQ,0,0,0,✓ Mapped
KSFO,0,0,0,✓ Mapped
KSFM,0,0,0,✓ Mapped
KSFF,0,0,0,✓ Mapped
KSFB,0,0,0,✓ Mapped
KSEZ,0,0,0,✓ Mapped
KSER,0,0,0,✓ Mapped
KSEP,0,0,0,✓ Mapped
KSEM,0,0,0,✓ Mapped
KSEG,0,0,0,✓ Mapped
KRNC,0,0,0,✓ Mapped
KSEE,0,0,0,✓ Mapped
KSEA,0,0,0,✓ Mapped
KSDY,0,0,0,✓ Mapped
KSDM,0,0,0,✓ Mapped
KSDL,0,0,0,✓ Mapped
KSDF,0,0,0,✓ Mapped
KSDA,0,0,0,✓ Mapped
KSCX,0,0,0,✓ Mapped
KSCR,0,0,0,✓ Mapped
KSCK,0,0,0,✓ Mapped
KSCH,0,0,0,✓ Mapped
KSCD,0,0,0,✓ Mapped
KSCA,0,0,0,✓ Mapped
KSBY,0,0,0,✓ Mapped
KSBX,0,0,0,✓ Mapped
KSEF,0,0,0,✓ Mapped
KSMF,0,0,0,✓ Mapped
KSME,0,0,0,✓ Mapped
KSMD,0,0,0,✓ Mapped
KSLR,0,0,0,✓ Mapped
KSLN,0,0,0,✓ Mapped
KSLK,0,0,0,✓ Mapped
KSLI,0,0,0,✓ Mapped
KSLH,0,0,0,✓ Mapped
KSLG,0,0,0,✓ Mapped
KSLE,0,0,0,✓ Mapped
KSLC,0,0,0,✓ Mapped
KSLB,0,0,0,✓ Mapped
KSKX,0,0,0,✓ Mapped
KSKF,0,0,0,✓ Mapped
KSKA,0,0,0,✓ Mapped
KSGR,0,0,0,✓ Mapped
KSGS,0,0,0,✓ Mapped
KSGT,0,0,0,✓ Mapped
KSGU,0,0,0,✓ Mapped
KSHD,0,0,0,✓ Mapped
KSHL,0,0,0,✓ Mapped
KSHN,0,0,0,✓ Mapped
KSHR,0,0,0,✓ Mapped
KSJX,0,0,0,✓ Mapped
KSIF,0,0,0,✓ Mapped
KSIK,0,0,0,✓ Mapped
KSIV,0,0,0,✓ Mapped
KSIY,0,0,0,✓ Mapped
KSJC,0,0,0,✓ Mapped
KSJN,0,0,0,✓ Mapped
KSJS,0,0,0,✓ Mapped
KSJT,0,0,0,✓ Mapped
KSHV,0,0,0,✓ Mapped
KRUQ,0,0,0,✓ Mapped
KRUE,0,0,0,✓ Mapped
KRTS,0,0,0,✓ Mapped
KRTN,0,0,0,✓ Mapped
KRSW,0,0,0,✓ Mapped
KRSV,0,0,0,✓ Mapped
KRST,0,0,0,✓ Mapped
KRSN,0,0,0,✓ Mapped
KRSL,0,0,0,✓ Mapped
KRRT,0,0,0,✓ Mapped
KRRL,0,0,0,✓ Mapped
KRQO,0,0,0,✓ Mapped
KRQE,0,0,0,✓ Mapped
KRQB,0,0,0,✓ Mapped
KRPX,0,0,0,✓ Mapped
KSBS,0,0,0,✓ Mapped
KRPH,0,0,0,✓ Mapped
KRPD,0,0,0,✓ Mapped
KRPB,0,0,0,✓ Mapped
KROX,0,0,0,✓ Mapped
KROW,0,0,0,✓ Mapped
KROS,0,0,0,✓ Mapped
KROG,0,0,0,✓ Mapped
KROC,0,0,0,✓ Mapped
KROA,0,0,0,✓ Mapped
KRNV,0,0,0,✓ Mapped
KRNT,0,0,0,✓ Mapped
KRNO,0,0,0,✓ Mapped
KRNM,0,0,0,✓ Mapped
KRNH,0,0,0,✓ Mapped
KRND,0,0,0,✓ Mapped
KRPJ,0,0,0,✓ Mapped
KSBP,0,0,0,✓ Mapped
KSBO,0,0,0,✓ Mapped
KSBN,0,0,0,✓ Mapped
KSBM,0,0,0,✓ Mapped
KSBD,0,0,0,✓ Mapped
KSBA,0,0,0,✓ Mapped
KSAZ,0,0,0,✓ Mapped
KSAW,0,0,0,✓ Mapped
KSAV,0,0,0,✓ Mapped
KSAT,0,0,0,✓ Mapped
KSAR,0,0,0,✓ Mapped
KSAN,0,0,0,✓ Mapped
KSAF,0,0,0,✓ Mapped
KSAD,0,0,0,✓ Mapped
KSAC,0,0,0,✓ Mapped
KRUT,0,0,0,✓ Mapped
KRVF,0,0,0,✓ Mapped
KRVJ,0,0,0,✓ Mapped
KRVL,0,0,0,✓ Mapped
KRVS,0,0,0,✓ Mapped
KRWF,0,0,0,✓ Mapped
KRWI,0,0,0,✓ Mapped
KRWL,0,0,0,✓ Mapped
KSAA,0,0,0,✓ Mapped
KRXE,0,0,0,✓ Mapped
KRYN,0,0,0,✓ Mapped
KRYV,0,0,0,✓ Mapped
KRYY,0,0,0,✓ Mapped
KRZL,0,0,0,✓ Mapped
KRZN,0,0,0,✓ Mapped
KRZR,0,0,0,✓ Mapped
KRZT,0,0,0,✓ Mapped
KRWN,0,0,0,✓ Mapped
KCYS,0,0,0,✓ Mapped
KCZD,0,0,0,✓ Mapped
KCZG,0,0,0,✓ Mapped
KCZL,0,0,0,✓ Mapped
KCZT,0,0,0,✓ Mapped
KAND,0,0,0,✓ Mapped
KANB,0,0,0,✓ Mapped
KLDJ,0,0,0,✓ Mapped
KAMN,0,0,0,✓ Mapped
KDAA,0,0,0,✓ Mapped
KDAB,0,0,0,✓ Mapped
KDAG,0,0,0,✓ Mapped
KDAL,0,0,0,✓ Mapped
KDAN,0,0,0,✓ Mapped
KDAY,0,0,0,✓ Mapped
KDBN,0,0,0,✓ Mapped
KAMW,0,0,0,✓ Mapped
KCVH,0,0,0,✓ Mapped
KCVK,0,0,0,✓ Mapped
KCVN,0,0,0,✓ Mapped
KCVO,0,0,0,✓ Mapped
KCVS,0,0,0,✓ Mapped
KCVX,0,0,0,✓ Mapped
KCWA,0,0,0,✓ Mapped
KCYO,0,0,0,✓ Mapped
KCWF,0,0,0,✓ Mapped
KCWI,0,0,0,✓ Mapped
KCXL,0,0,0,✓ Mapped
KCXO,0,0,0,✓ Mapped
KCXP,0,0,0,✓ Mapped
KCXU,0,0,0,✓ Mapped
KCXW,0,0,0,✓ Mapped
KCXY,0,0,0,✓ Mapped
KCWC,0,0,0,✓ Mapped
KDHN,0,0,0,✓ Mapped
KDHT,0,0,0,✓ Mapped
KDIJ,0,0,0,✓ Mapped
KDIK,0,0,0,✓ Mapped
KDKB,0,0,0,✓ Mapped
KDKK,0,0,0,✓ Mapped
KDKR,0,0,0,✓ Mapped
KDBQ,0,0,0,✓ Mapped
KDLF,0,0,0,✓ Mapped
KDLH,0,0,0,✓ Mapped
KDLL,0,0,0,✓ Mapped
KDLN,0,0,0,✓ Mapped
KDLO,0,0,0,✓ Mapped
KDLS,0,0,0,✓ Mapped
KDLZ,0,0,0,✓ Mapped
KDMA,0,0,0,✓ Mapped
KDKX,0,0,0,✓ Mapped
KDCA,0,0,0,✓ Mapped
KDCM,0,0,0,✓ Mapped
KDCU,0,0,0,✓ Mapped
KDCY,0,0,0,✓ Mapped
KDDC,0,0,0,✓ Mapped
KDDH,0,0,0,✓ Mapped
KDEC,0,0,0,✓ Mapped
KDGW,0,0,0,✓ Mapped
KDEH,0,0,0,✓ Mapped
KDEN,0,0,0,✓ Mapped
KDEQ,0,0,0,✓ Mapped
KDET,0,0,0,✓ Mapped
KDEW,0,0,0,✓ Mapped
KDFI,0,0,0,✓ Mapped
KDFW,0,0,0,✓ Mapped
KDGL,0,0,0,✓ Mapped
KDED,0,0,0,✓ Mapped
KCNU,0,0,0,✓ Mapped
KCNW,0,0,0,✓ Mapped
KCNY,0,0,0,✓ Mapped
KCOD,0,0,0,✓ Mapped
KCOE,0,0,0,✓ Mapped
KCOF,0,0,0,✓ Mapped
KCOI,0,0,0,✓ Mapped
KCVG,0,0,0,✓ Mapped
KCON,0,0,0,✓ Mapped
KCOQ,0,0,0,✓ Mapped
KCOS,0,0,0,✓ Mapped
KCOT,0,0,0,✓ Mapped
KCOU,0,0,0,✓ Mapped
KCPC,0,0,0,✓ Mapped
KCPF,0,0,0,✓ Mapped
KCPK,0,0,0,✓ Mapped
KCOM,0,0,0,✓ Mapped
KCLM,0,0,0,✓ Mapped
KCLS,0,0,0,✓ Mapped
KCLT,0,0,0,✓ Mapped
KCLW,0,0,0,✓ Mapped
KCMA,0,0,0,✓ Mapped
KCMD,0,0,0,✓ Mapped
KCMH,0,0,0,✓ Mapped
KCNO,0,0,0,✓ Mapped
KCMR,0,0,0,✓ Mapped
KCMX,0,0,0,✓ Mapped
KCMY,0,0,0,✓ Mapped
KCNB,0,0,0,✓ Mapped
KCNC,0,0,0,✓ Mapped
KCNI,0,0,0,✓ Mapped
KCNK,0,0,0,✓ Mapped
KCNM,0,0,0,✓ Mapped
KCMI,0,0,0,✓ Mapped
KCRX,0,0,0,✓ Mapped
KCSG,0,0,0,✓ Mapped
KCSM,0,0,0,✓ Mapped
KCSQ,0,0,0,✓ Mapped
KCSV,0,0,0,✓ Mapped
KCTB,0,0,0,✓ Mapped
KCTJ,0,0,0,✓ Mapped
KCPP,0,0,0,✓ Mapped
KCTY,0,0,0,✓ Mapped
KCTZ,0,0,0,✓ Mapped
KCUB,0,0,0,✓ Mapped
KCUH,0,0,0,✓ Mapped
KCUL,0,0,0,✓ Mapped
KCUT,0,0,0,✓ Mapped
KCVB,0,0,0,✓ Mapped
KCVC,0,0,0,✓ Mapped
KCTK,0,0,0,✓ Mapped
KCPR,0,0,0,✓ Mapped
KCPS,0,0,0,✓ Mapped
KCPT,0,0,0,✓ Mapped
KCPU,0,0,0,✓ Mapped
KCQA,0,0,0,✓ Mapped
KCQB,0,0,0,✓ Mapped
KCQF,0,0,0,✓ Mapped
KCRW,0,0,0,✓ Mapped
KCQW,0,0,0,✓ Mapped
KCQX,0,0,0,✓ Mapped
KCRE,0,0,0,✓ Mapped
KCRG,0,0,0,✓ Mapped
KCRP,0,0,0,✓ Mapped
KCRQ,0,0,0,✓ Mapped
KCRS,0,0,0,✓ Mapped
KCRT,0,0,0,✓ Mapped
KCQM,0,0,0,✓ Mapped
KEFK,0,0,0,✓ Mapped
KEFT,0,0,0,✓ Mapped
KEFW,0,0,0,✓ Mapped
KEGE,0,0,0,✓ Mapped
KEGT,0,0,0,✓ Mapped
KEGV,0,0,0,✓ Mapped
KEHA,0,0,0,✓ Mapped
KDMN,0,0,0,✓ Mapped
KEHR,0,0,0,✓ Mapped
KEIK,0,0,0,✓ Mapped
KEKM,0,0,0,✓ Mapped
KEKN,0,0,0,✓ Mapped
KEKO,0,0,0,✓ Mapped
KEKS,0,0,0,✓ Mapped
KEKX,0,0,0,✓ Mapped
KEKY,0,0,0,✓ Mapped
KEHO,0,0,0,✓ Mapped
KEBG,0,0,0,✓ Mapped
KECG,0,0,0,✓ Mapped
KECP,0,0,0,✓ Mapped
KECS,0,0,0,✓ Mapped
KECU,0,0,0,✓ Mapped
KEDC,0,0,0,✓ Mapped
KEDE,0,0,0,✓ Mapped
KEFD,0,0,0,✓ Mapped
KEDN,0,0,0,✓ Mapped
KEDU,0,0,0,✓ Mapped
KEDW,0,0,0,✓ Mapped
KEED,0,0,0,✓ Mapped
KEEN,0,0,0,✓ Mapped
KEEO,0,0,0,✓ Mapped
KEET,0,0,0,✓ Mapped
KEFC,0,0,0,✓ Mapped
KEDJ,0,0,0,✓ Mapped
KEOK,0,0,0,✓ Mapped
KEOP,0,0,0,✓ Mapped
KEOS,0,0,0,✓ Mapped
KEPH,0,0,0,✓ Mapped
KEPM,0,0,0,✓ Mapped
KEQA,0,0,0,✓ Mapped
KEQY,0,0,0,✓ Mapped
KELA,0,0,0,✓ Mapped
KERV,0,0,0,✓ Mapped
KERY,0,0,0,✓ Mapped
KESC,0,0,0,✓ Mapped
KESF,0,0,0,✓ Mapped
KESN,0,0,0,✓ Mapped
KEST,0,0,0,✓ Mapped
KETB,0,0,0,✓ Mapped
KETN,0,0,0,✓ Mapped
KERI,0,0,0,✓ Mapped
KELD,0,0,0,✓ Mapped
KELK,0,0,0,✓ Mapped
KELM,0,0,0,✓ Mapped
KELN,0,0,0,✓ Mapped
KELO,0,0,0,✓ Mapped
KELP,0,0,0,✓ Mapped
KELY,0,0,0,✓ Mapped
KEOE,0,0,0,✓ Mapped
KEMM,0,0,0,✓ Mapped
KEMP,0,0,0,✓ Mapped
KEMT,0,0,0,✓ Mapped
KEMV,0,0,0,✓ Mapped
KEND,0,0,0,✓ Mapped
KENL,0,0,0,✓ Mapped
KENV,0,0,0,✓ Mapped
KENW,0,0,0,✓ Mapped
KELZ,0,0,0,✓ Mapped
KDSM,0,0,0,✓ Mapped
KDTA,0,0,0,✓ Mapped
KDTL,0,0,0,✓ Mapped
KDTN,0,0,0,✓ Mapped
KDTO,0,0,0,✓ Mapped
KDTS,0,0,0,✓ Mapped
KDTW,0,0,0,✓ Mapped
KEBD,0,0,0,✓ Mapped
KDUB,0,0,0,✓ Mapped
KDUC,0,0,0,✓ Mapped
KDUG,0,0,0,✓ Mapped
KDUH,0,0,0,✓ Mapped
KDUJ,0,0,0,✓ Mapped
KDUX,0,0,0,✓ Mapped
KDVK,0,0,0,✓ Mapped
KDVL,0,0,0,✓ Mapped
KDUA,0,0,0,✓ Mapped
KDMO,0,0,0,✓ Mapped
KDMW,0,0,0,✓ Mapped
KDNA,0,0,0,✓ Mapped
KDNL,0,0,0,✓ Mapped
KDNN,0,0,0,✓ Mapped
KDNS,0,0,0,✓ Mapped
KDNV,0,0,0,✓ Mapped
KDRT,0,0,0,✓ Mapped
KDPA,0,0,0,✓ Mapped
KAMG,0,0,0,✓ Mapped
KDPL,0,0,0,✓ Mapped
KDQH,0,0,0,✓ Mapped
KDRI,0,0,0,✓ Mapped
KDRM,0,0,0,✓ Mapped
KDRO,0,0,0,✓ Mapped
KDRP,0,0,0,✓ Mapped
KDOV,0,0,0,✓ Mapped
KALW,0,0,0,✓ Mapped
KALS,0,0,0,✓ Mapped
KALO,0,0,0,✓ Mapped
KALN,0,0,0,✓ Mapped
KALM,0,0,0,✓ Mapped
KALI,0,0,0,✓ Mapped
KALB,0,0,0,✓ Mapped
KDVN,0,0,0,✓ Mapped
KAKO,0,0,0,✓ Mapped
KAKH,0,0,0,✓ Mapped
KAJZ,0,0,0,✓ Mapped
KEAN,0,0,0,✓ Mapped
KEAR,0,0,0,✓ Mapped
KEAT,0,0,0,✓ Mapped
KEAU,0,0,0,✓ Mapped
KEBA,0,0,0,✓ Mapped
KAKR,0,0,0,✓ Mapped
KDVO,0,0,0,✓ Mapped
KDVT,0,0,0,✓ Mapped
KDWA,0,0,0,✓ Mapped
KDWH,0,0,0,✓ Mapped
KDWU,0,0,0,✓ Mapped
KDWX,0,0,0,✓ Mapped
KDXE,0,0,0,✓ Mapped
KALX,0,0,0,✓ Mapped
KDYA,0,0,0,✓ Mapped
KDYB,0,0,0,✓ Mapped
KDYR,0,0,0,✓ Mapped
KDYS,0,0,0,✓ Mapped
KDZB,0,0,0,✓ Mapped
KDZJ,0,0,0,✓ Mapped
KAMA,0,0,0,✓ Mapped
KE06,0,0,0,✓ Mapped
KDXR,0,0,0,✓ Mapped
KBFF,0,0,0,✓ Mapped
KBFI,0,0,0,✓ Mapped
KBFL,0,0,0,✓ Mapped
KBFM,0,0,0,✓ Mapped
KBFR,0,0,0,✓ Mapped
KBGD,0,0,0,✓ Mapped
KBGE,0,0,0,✓ Mapped
KCLL,0,0,0,✓ Mapped
KBGM,0,0,0,✓ Mapped
KBGR,0,0,0,✓ Mapped
KBHB,0,0,0,✓ Mapped
KBHC,0,0,0,✓ Mapped
KBHK,0,0,0,✓ Mapped
KBHM,0,0,0,✓ Mapped
KBID,0,0,0,✓ Mapped
KBIE,0,0,0,✓ Mapped
KBGF,0,0,0,✓ Mapped
KBCR,0,0,0,✓ Mapped
KBCT,0,0,0,✓ Mapped
KBDE,0,0,0,✓ Mapped
KBDG,0,0,0,✓ Mapped
KBDH,0,0,0,✓ Mapped
KBDL,0,0,0,✓ Mapped
KBDN,0,0,0,✓ Mapped
KBFE,0,0,0,✓ Mapped
KBDR,0,0,0,✓ Mapped
KBDU,0,0,0,✓ Mapped
KBEA,0,0,0,✓ Mapped
KBEC,0,0,0,✓ Mapped
KBED,0,0,0,✓ Mapped
KBEH,0,0,0,✓ Mapped
KBFA,0,0,0,✓ Mapped
KBFD,0,0,0,✓ Mapped
KBDQ,0,0,0,✓ Mapped
KAPY,0,0,0,✓ Mapped
KBLF,0,0,0,✓ Mapped
KBLH,0,0,0,✓ Mapped
KBLI,0,0,0,✓ Mapped
KBLM,0,0,0,✓ Mapped
KBLV,0,0,0,✓ Mapped
KBMC,0,0,0,✓ Mapped
KBIF,0,0,0,✓ Mapped
KBMI,0,0,0,✓ Mapped
KBML,0,0,0,✓ Mapped
KBMQ,0,0,0,✓ Mapped
KBMT,0,0,0,✓ Mapped
KBNA,0,0,0,✓ Mapped
KBNL,0,0,0,✓ Mapped
KBNO,0,0,0,✓ Mapped
KBNW,0,0,0,✓ Mapped
KBMG,0,0,0,✓ Mapped
KBIH,0,0,0,✓ Mapped
KBIJ,0,0,0,✓ Mapped
KBIL,0,0,0,✓ Mapped
KBIS,0,0,0,✓ Mapped
KBIV,0,0,0,✓ Mapped
KBJC,0,0,0,✓ Mapped
KBJI,0,0,0,✓ Mapped
KBKX,0,0,0,✓ Mapped
KBKD,0,0,0,✓ Mapped
KBKE,0,0,0,✓ Mapped
KBKF,0,0,0,✓ Mapped
KBKL,0,0,0,✓ Mapped
KBKS,0,0,0,✓ Mapped
KBKT,0,0,0,✓ Mapped
KBKV,0,0,0,✓ Mapped
KBKW,0,0,0,✓ Mapped
KBJJ,0,0,0,✓ Mapped
KASN,0,0,0,✓ Mapped
KAST,0,0,0,✓ Mapped
KASW,0,0,0,✓ Mapped
KASX,0,0,0,✓ Mapped
KATA,0,0,0,✓ Mapped
KATL,0,0,0,✓ Mapped
KATS,0,0,0,✓ Mapped
KBCK,0,0,0,✓ Mapped
KATY,0,0,0,✓ Mapped
KAUG,0,0,0,✓ Mapped
KAUH,0,0,0,✓ Mapped
KAUM,0,0,0,✓ Mapped
KAUN,0,0,0,✓ Mapped
KAUO,0,0,0,✓ Mapped
KAUS,0,0,0,✓ Mapped
KAUW,0,0,0,✓ Mapped
KATW,0,0,0,✓ Mapped
KAQO,0,0,0,✓ Mapped
KAQW,0,0,0,✓ Mapped
KAQX,0,0,0,✓ Mapped
KARA,0,0,0,✓ Mapped
KARB,0,0,0,✓ Mapped
KARG,0,0,0,✓ Mapped
KARM,0,0,0,✓ Mapped
KASL,0,0,0,✓ Mapped
KART,0,0,0,✓ Mapped
KARV,0,0,0,✓ Mapped
KARW,0,0,0,✓ Mapped
KASD,0,0,0,✓ Mapped
KASE,0,0,0,✓ Mapped
KASG,0,0,0,✓ Mapped
KASH,0,0,0,✓ Mapped
KASJ,0,0,0,✓ Mapped
KARR,0,0,0,✓ Mapped
KAZE,0,0,0,✓ Mapped
KAZO,0,0,0,✓ Mapped
KBAC,0,0,0,✓ Mapped
KBAD,0,0,0,✓ Mapped
KBAF,0,0,0,✓ Mapped
KBAK,0,0,0,✓ Mapped
KBAM,0,0,0,✓ Mapped
KAVC,0,0,0,✓ Mapped
KBAZ,0,0,0,✓ Mapped
KBBB,0,0,0,✓ Mapped
KBBD,0,0,0,✓ Mapped
KBBG,0,0,0,✓ Mapped
KBBP,0,0,0,✓ Mapped
KBBW,0,0,0,✓ Mapped
KBCB,0,0,0,✓ Mapped
KBCE,0,0,0,✓ Mapped
KBAX,0,0,0,✓ Mapped
KAVK,0,0,0,✓ Mapped
KAVL,0,0,0,✓ Mapped
KAVO,0,0,0,✓ Mapped
KAVP,0,0,0,✓ Mapped
KAVQ,0,0,0,✓ Mapped
KAWG,0,0,0,✓ Mapped
KAWM,0,0,0,✓ Mapped
KAZC,0,0,0,✓ Mapped
KAXA,0,0,0,✓ Mapped
KAXH,0,0,0,✓ Mapped
KAXN,0,0,0,✓ Mapped
KAXQ,0,0,0,✓ Mapped
KAXS,0,0,0,✓ Mapped
KAXV,0,0,0,✓ Mapped
KAXX,0,0,0,✓ Mapped
KAYS,0,0,0,✓ Mapped
KAWO,0,0,0,✓ Mapped
KCDN,0,0,0,✓ Mapped
KCDR,0,0,0,✓ Mapped
KCDS,0,0,0,✓ Mapped
KCDW,0,0,0,✓ Mapped
KCEA,0,0,0,✓ Mapped
KCEC,0,0,0,✓ Mapped
KCEF,0,0,0,✓ Mapped
KBOI,0,0,0,✓ Mapped
KCEU,0,0,0,✓ Mapped
KCEV,0,0,0,✓ Mapped
KCEW,0,0,0,✓ Mapped
KCEY,0,0,0,✓ Mapped
KCEZ,0,0,0,✓ Mapped
KCFD,0,0,0,✓ Mapped
KCFJ,0,0,0,✓ Mapped
KCFO,0,0,0,✓ Mapped
KCEK,0,0,0,✓ Mapped
KCAE,0,0,0,✓ Mapped
KCAG,0,0,0,✓ Mapped
KCAK,0,0,0,✓ Mapped
KCAO,0,0,0,✓ Mapped
KCBE,0,0,0,✓ Mapped
KCBF,0,0,0,✓ Mapped
KCBG,0,0,0,✓ Mapped
KCDI,0,0,0,✓ Mapped
KCBM,0,0,0,✓ Mapped
KCCA,0,0,0,✓ Mapped
KCCB,0,0,0,✓ Mapped
KCCO,0,0,0,✓ Mapped
KCCR,0,0,0,✓ Mapped
KCCY,0,0,0,✓ Mapped
KCDC,0,0,0,✓ Mapped
KCDH,0,0,0,✓ Mapped
KCBK,0,0,0,✓ Mapped
KCII,0,0,0,✓ Mapped
KCIN,0,0,0,✓ Mapped
KCIR,0,0,0,✓ Mapped
KCIU,0,0,0,✓ Mapped
KCJR,0,0,0,✓ Mapped
KCKB,0,0,0,✓ Mapped
KCKC,0,0,0,✓ Mapped
KCFS,0,0,0,✓ Mapped
KCKI,0,0,0,✓ Mapped
KCKM,0,0,0,✓ Mapped
KCKP,0,0,0,✓ Mapped
KCKV,0,0,0,✓ Mapped
KCKZ,0,0,0,✓ Mapped
KCLE,0,0,0,✓ Mapped
KCLI,0,0,0,✓ Mapped
KCLK,0,0,0,✓ Mapped
KCKF,0,0,0,✓ Mapped
KCFT,0,0,0,✓ Mapped
KCFV,0,0,0,✓ Mapped
KCGC,0,0,0,✓ Mapped
KCGE,0,0,0,✓ Mapped
KCGF,0,0,0,✓ Mapped
KCGI,0,0,0,✓ Mapped
KCGS,0,0,0,✓ Mapped
KCID,0,0,0,✓ Mapped
KCHA,0,0,0,✓ Mapped
KCHD,0,0,0,✓ Mapped
KCHK,0,0,0,✓ Mapped
KCHN,0,0,0,✓ Mapped
KCHO,0,0,0,✓ Mapped
KCHS,0,0,0,✓ Mapped
KCHT,0,0,0,✓ Mapped
KCIC,0,0,0,✓ Mapped
KCGZ,0,0,0,✓ Mapped
KBTL,0,0,0,✓ Mapped
KBTM,0,0,0,✓ Mapped
KBTN,0,0,0,✓ Mapped
KBTP,0,0,0,✓ Mapped
KBTR,0,0,0,✓ Mapped
KBTV,0,0,0,✓ Mapped
KBTY,0,0,0,✓ Mapped
KCAD,0,0,0,✓ Mapped
KBUR,0,0,0,✓ Mapped
KBUU,0,0,0,✓ Mapped
KBUY,0,0,0,✓ Mapped
KBVI,0,0,0,✓ Mapped
KBVO,0,0,0,✓ Mapped
KBVS,0,0,0,✓ Mapped
KBVU,0,0,0,✓ Mapped
KBVX,0,0,0,✓ Mapped
KBUF,0,0,0,✓ Mapped
KAPV,0,0,0,✓ Mapped
KBOS,0,0,0,✓ Mapped
KBOW,0,0,0,✓ Mapped
KBPG,0,0,0,✓ Mapped
KBPI,0,0,0,✓ Mapped
KBPK,0,0,0,✓ Mapped
KBPT,0,0,0,✓ Mapped
KBTF,0,0,0,✓ Mapped
KBQP,0,0,0,✓ Mapped
KBRD,0,0,0,✓ Mapped
KBRG,0,0,0,✓ Mapped
KBRL,0,0,0,✓ Mapped
KBRO,0,0,0,✓ Mapped
KBRY,0,0,0,✓ Mapped
KBST,0,0,0,✓ Mapped
KBTA,0,0,0,✓ Mapped
KBQK,0,0,0,✓ Mapped
KAPS,0,0,0,✓ Mapped
KAPN,0,0,0,✓ Mapped
KAPG,0,0,0,✓ Mapped
KAPF,0,0,0,✓ Mapped
KAPC,0,0,0,✓ Mapped
KAPA,0,0,0,✓ Mapped
KAOO,0,0,0,✓ Mapped
KBVY,0,0,0,✓ Mapped
KC56,0,0,0,✓ Mapped
KAOC,0,0,0,✓ Mapped
KANY,0,0,0,✓ Mapped
KANW,0,0,0,✓ Mapped
KANQ,0,0,0,✓ Mapped
KANK,0,0,0,✓ Mapped
KANJ,0,0,0,✓ Mapped
KANE,0,0,0,✓ Mapped
KAOH,0,0,0,✓ Mapped
KBWC,0,0,0,✓ Mapped
KBWD,0,0,0,✓ Mapped
KBWG,0,0,0,✓ Mapped
KBWI,0,0,0,✓ Mapped
KBWP,0,0,0,✓ Mapped
KBWW,0,0,0,✓ Mapped
KBXA,0,0,0,✓ Mapped
KBZN,0,0,0,✓ Mapped
KBXK,0,0,0,✓ Mapped
KBXM,0,0,0,✓ Mapped
KBYG,0,0,0,✓ Mapped
KBYH,0,0,0,✓ Mapped
KBYI,0,0,0,✓ Mapped
KBYL,0,0,0,✓ Mapped
KBYY,0,0,0,✓ Mapped
KAPT,0,0,0,✓ Mapped
KBXG,0,0,0,✓ Mapped
KAEG,0,0,0,✓ Mapped
KADW,0,0,0,✓ Mapped
KADT,0,0,0,✓ Mapped
KADS,0,0,0,✓ Mapped
KADM,0,0,0,✓ Mapped
KADH,0,0,0,✓ Mapped
KADG,0,0,0,✓ Mapped
KEUF,0,0,0,✓ Mapped
KADC,0,0,0,✓ Mapped
KIAB,0,0,0,✓ Mapped
KIAD,0,0,0,✓ Mapped
KIAG,0,0,0,✓ Mapped
KIAH,0,0,0,✓ Mapped
KICL,0,0,0,✓ Mapped
KICR,0,0,0,✓ Mapped
KICT,0,0,0,✓ Mapped
KADF,0,0,0,✓ Mapped
KHWQ,0,0,0,✓ Mapped
KHWV,0,0,0,✓ Mapped
KHWY,0,0,0,✓ Mapped
KHXD,0,0,0,✓ Mapped
KHXF,0,0,0,✓ Mapped
KHYA,0,0,0,✓ Mapped
KHYI,0,0,0,✓ Mapped
KAEJ,0,0,0,✓ Mapped
KHYS,0,0,0,✓ Mapped
KHYW,0,0,0,✓ Mapped
KHYX,0,0,0,✓ Mapped
KHZD,0,0,0,✓ Mapped
KHZE,0,0,0,✓ Mapped
KHZL,0,0,0,✓ Mapped
KHZR,0,0,0,✓ Mapped
KHZY,0,0,0,✓ Mapped
KHYR,0,0,0,✓ Mapped
KILE,0,0,0,✓ Mapped
KILG,0,0,0,✓ Mapped
KILM,0,0,0,✓ Mapped
KILN,0,0,0,✓ Mapped
KIML,0,0,0,✓ Mapped
KIMM,0,0,0,✓ Mapped
KIMS,0,0,0,✓ Mapped
KIDA,0,0,0,✓ Mapped
KIND,0,0,0,✓ Mapped
KINF,0,0,0,✓ Mapped
KINJ,0,0,0,✓ Mapped
KINK,0,0,0,✓ Mapped
KINL,0,0,0,✓ Mapped
KACZ,0,0,0,✓ Mapped
KINT,0,0,0,✓ Mapped
KINW,0,0,0,✓ Mapped
KIMT,0,0,0,✓ Mapped
KIDI,0,0,0,✓ Mapped
KIDL,0,0,0,✓ Mapped
KIDP,0,0,0,✓ Mapped
KIEN,0,0,0,✓ Mapped
KIER,0,0,0,✓ Mapped
KIFA,0,0,0,✓ Mapped
KIFP,0,0,0,✓ Mapped
KIKW,0,0,0,✓ Mapped
KIGQ,0,0,0,✓ Mapped
KIIB,0,0,0,✓ Mapped
KIIY,0,0,0,✓ Mapped
KIJD,0,0,0,✓ Mapped
KIJX,0,0,0,✓ Mapped
KIKG,0,0,0,✓ Mapped
KIKK,0,0,0,✓ Mapped
KIKV,0,0,0,✓ Mapped
KIGM,0,0,0,✓ Mapped
KHNR,0,0,0,✓ Mapped
KHNZ,0,0,0,✓ Mapped
KHOB,0,0,0,✓ Mapped
KHOC,0,0,0,✓ Mapped
KHOE,0,0,0,✓ Mapped
KHON,0,0,0,✓ Mapped
KHOP,0,0,0,✓ Mapped
KHWO,0,0,0,✓ Mapped
KHOU,0,0,0,✓ Mapped
KHPN,0,0,0,✓ Mapped
KHPT,0,0,0,✓ Mapped
KHPY,0,0,0,✓ Mapped
KHQG,0,0,0,✓ Mapped
KHQM,0,0,0,✓ Mapped
KHQU,0,0,0,✓ Mapped
KHQZ,0,0,0,✓ Mapped
KHOT,0,0,0,✓ Mapped
KHII,0,0,0,✓ Mapped
KHIO,0,0,0,✓ Mapped
KHJO,0,0,0,✓ Mapped
KHKA,0,0,0,✓ Mapped
KHKS,0,0,0,✓ Mapped
KHKY,0,0,0,✓ Mapped
KHLB,0,0,0,✓ Mapped
KHND,0,0,0,✓ Mapped
KHLG,0,0,0,✓ Mapped
KHLN,0,0,0,✓ Mapped
KHLX,0,0,0,✓ Mapped
KHMN,0,0,0,✓ Mapped
KHMP,0,0,0,✓ Mapped
KHMT,0,0,0,✓ Mapped
KHMZ,0,0,0,✓ Mapped
KHNB,0,0,0,✓ Mapped
KHLC,0,0,0,✓ Mapped
KHTF,0,0,0,✓ Mapped
KHTH,0,0,0,✓ Mapped
KHTL,0,0,0,✓ Mapped
KAEL,0,0,0,✓ Mapped
KHTS,0,0,0,✓ Mapped
KHUA,0,0,0,✓ Mapped
KHUF,0,0,0,✓ Mapped
KHRF,0,0,0,✓ Mapped
KHUM,0,0,0,✓ Mapped
KHUT,0,0,0,✓ Mapped
KHVC,0,0,0,✓ Mapped
KHVE,0,0,0,✓ Mapped
KHVN,0,0,0,✓ Mapped
KHVR,0,0,0,✓ Mapped
KHVS,0,0,0,✓ Mapped
KHWD,0,0,0,✓ Mapped
KHUL,0,0,0,✓ Mapped
KHRI,0,0,0,✓ Mapped
KHRJ,0,0,0,✓ Mapped
KHRL,0,0,0,✓ Mapped
KHRO,0,0,0,✓ Mapped
KHRT,0,0,0,✓ Mapped
KHRU,0,0,0,✓ Mapped
KHRX,0,0,0,✓ Mapped
KHSV,0,0,0,✓ Mapped
KHSB,0,0,0,✓ Mapped
KHSD,0,0,0,✓ Mapped
KHSE,0,0,0,✓ Mapped
KHSG,0,0,0,✓ Mapped
KHSI,0,0,0,✓ Mapped
KHSP,0,0,0,✓ Mapped
KHSR,0,0,0,✓ Mapped
KHST,0,0,0,✓ Mapped
KHSA,0,0,0,✓ Mapped
KABR,0,0,0,✓ Mapped
KABQ,0,0,0,✓ Mapped
KABI,0,0,0,✓ Mapped
KLAA,0,0,0,✓ Mapped
KLAF,0,0,0,✓ Mapped
KLAL,0,0,0,✓ Mapped
KLAM,0,0,0,✓ Mapped
KIOB,0,0,0,✓ Mapped
KLAR,0,0,0,✓ Mapped
KLAS,0,0,0,✓ Mapped
KLAW,0,0,0,✓ Mapped
KLAX,0,0,0,✓ Mapped
KLBB,0,0,0,✓ Mapped
KLBE,0,0,0,✓ Mapped
KLBF,0,0,0,✓ Mapped
KLBL,0,0,0,✓ Mapped
KLAN,0,0,0,✓ Mapped
KJYM,0,0,0,✓ Mapped
KJYO,0,0,0,✓ Mapped
KJYR,0,0,0,✓ Mapped
KJZI,0,0,0,✓ Mapped
KJZP,0,0,0,✓ Mapped
KACY,0,0,0,✓ Mapped
KACV,0,0,0,✓ Mapped
KABY,0,0,0,✓ Mapped
KACP,0,0,0,✓ Mapped
KACK,0,0,0,✓ Mapped
KACJ,0,0,0,✓ Mapped
KK88,0,0,0,✓ Mapped
KACB,0,0,0,✓ Mapped
KKIC,0,0,0,✓ Mapped
KKLS,0,0,0,✓ Mapped
KKNB,0,0,0,✓ Mapped
KACT,0,0,0,✓ Mapped
KLGB,0,0,0,✓ Mapped
KLGC,0,0,0,✓ Mapped
KLGD,0,0,0,✓ Mapped
KLGF,0,0,0,✓ Mapped
KLGU,0,0,0,✓ Mapped
KLHB,0,0,0,✓ Mapped
KLHM,0,0,0,✓ Mapped
KLBO,0,0,0,✓ Mapped
KLHV,0,0,0,✓ Mapped
KLHW,0,0,0,✓ Mapped
KLHX,0,0,0,✓ Mapped
KLHZ,0,0,0,✓ Mapped
KLIC,0,0,0,✓ Mapped
KLIT,0,0,0,✓ Mapped
KLIU,0,0,0,✓ Mapped
KLJF,0,0,0,✓ Mapped
KLHQ,0,0,0,✓ Mapped
KLBT,0,0,0,✓ Mapped
KLBX,0,0,0,✓ Mapped
KLCG,0,0,0,✓ Mapped
KLCH,0,0,0,✓ Mapped
KLCI,0,0,0,✓ Mapped
KLCK,0,0,0,✓ Mapped
KLCQ,0,0,0,✓ Mapped
KLGA,0,0,0,✓ Mapped
KLEB,0,0,0,✓ Mapped
KLEE,0,0,0,✓ Mapped
KLEM,0,0,0,✓ Mapped
KLEW,0,0,0,✓ Mapped
KLEX,0,0,0,✓ Mapped
KLFI,0,0,0,✓ Mapped
KLFK,0,0,0,✓ Mapped
KLFT,0,0,0,✓ Mapped
KLDM,0,0,0,✓ Mapped
KIWI,0,0,0,✓ Mapped
KIWS,0,0,0,✓ Mapped
KIXA,0,0,0,✓ Mapped
KIXD,0,0,0,✓ Mapped
KIYA,0,0,0,✓ Mapped
KIYK,0,0,0,✓ Mapped
KIZA,0,0,0,✓ Mapped
KJYL,0,0,0,✓ Mapped
KJAC,0,0,0,✓ Mapped
KJAN,0,0,0,✓ Mapped
KJAQ,0,0,0,✓ Mapped
KJAS,0,0,0,✓ Mapped
KJAU,0,0,0,✓ Mapped
KJAX,0,0,0,✓ Mapped
KJBR,0,0,0,✓ Mapped
KJCA,0,0,0,✓ Mapped
KIZG,0,0,0,✓ Mapped
KIOW,0,0,0,✓ Mapped
KIPJ,0,0,0,✓ Mapped
KIPL,0,0,0,✓ Mapped
KIPT,0,0,0,✓ Mapped
KIRK,0,0,0,✓ Mapped
KIRS,0,0,0,✓ Mapped
KISM,0,0,0,✓ Mapped
KIWH,0,0,0,✓ Mapped
KISP,0,0,0,✓ Mapped
KISQ,0,0,0,✓ Mapped
KISW,0,0,0,✓ Mapped
KITH,0,0,0,✓ Mapped
KITR,0,0,0,✓ Mapped
KIUA,0,0,0,✓ Mapped
KIWA,0,0,0,✓ Mapped
KIWD,0,0,0,✓ Mapped
KISO,0,0,0,✓ Mapped
KJQF,0,0,0,✓ Mapped
KJRO,0,0,0,✓ Mapped
KJSO,0,0,0,✓ Mapped
KJST,0,0,0,✓ Mapped
KJSV,0,0,0,✓ Mapped
KJSY,0,0,0,✓ Mapped
KJTC,0,0,0,✓ Mapped
KJCT,0,0,0,✓ Mapped
KJVW,0,0,0,✓ Mapped
KJVY,0,0,0,✓ Mapped
KJWG,0,0,0,✓ Mapped
KJWN,0,0,0,✓ Mapped
KJWY,0,0,0,✓ Mapped
KJXI,0,0,0,✓ Mapped
KJXN,0,0,0,✓ Mapped
KJYG,0,0,0,✓ Mapped
KJVL,0,0,0,✓ Mapped
KJDD,0,0,0,✓ Mapped
KJEF,0,0,0,✓ Mapped
KJER,0,0,0,✓ Mapped
KJES,0,0,0,✓ Mapped
KJFK,0,0,0,✓ Mapped
KJFX,0,0,0,✓ Mapped
KJFZ,0,0,0,✓ Mapped
KJQD,0,0,0,✓ Mapped
KJHW,0,0,0,✓ Mapped
KJKA,0,0,0,✓ Mapped
KJKJ,0,0,0,✓ Mapped
KJLN,0,0,0,✓ Mapped
KJMR,0,0,0,✓ Mapped
KJMS,0,0,0,✓ Mapped
KJNX,0,0,0,✓ Mapped
KJPX,0,0,0,✓ Mapped
KJHN,0,0,0,✓ Mapped
KFMN,0,0,0,✓ Mapped
KFMY,0,0,0,✓ Mapped
KFMZ,0,0,0,✓ Mapped
KFNB,0,0,0,✓ Mapped
KFNL,0,0,0,✓ Mapped
KFNT,0,0,0,✓ Mapped
KFOA,0,0,0,✓ Mapped
KHIG,0,0,0,✓ Mapped
KFOE,0,0,0,✓ Mapped
KFOK,0,0,0,✓ Mapped
KFOM,0,0,0,✓ Mapped
KFOT,0,0,0,✓ Mapped
KFPR,0,0,0,✓ Mapped
KFPY,0,0,0,✓ Mapped
KFQD,0,0,0,✓ Mapped
KFRG,0,0,0,✓ Mapped
KFOD,0,0,0,✓ Mapped
KFIN,0,0,0,✓ Mapped
KFIT,0,0,0,✓ Mapped
KFKA,0,0,0,✓ Mapped
KFKL,0,0,0,✓ Mapped
KFKN,0,0,0,✓ Mapped
KFKR,0,0,0,✓ Mapped
KFKS,0,0,0,✓ Mapped
KFMM,0,0,0,✓ Mapped
KFLG,0,0,0,✓ Mapped
KFLL,0,0,0,✓ Mapped
KFLO,0,0,0,✓ Mapped
KFLP,0,0,0,✓ Mapped
KFLV,0,0,0,✓ Mapped
KFLX,0,0,0,✓ Mapped
KFLY,0,0,0,✓ Mapped
KFME,0,0,0,✓ Mapped
KFLD,0,0,0,✓ Mapped
KFWB,0,0,0,✓ Mapped
KFWQ,0,0,0,✓ Mapped
KFWS,0,0,0,✓ Mapped
KFXE,0,0,0,✓ Mapped
KFXY,0,0,0,✓ Mapped
KFYE,0,0,0,✓ Mapped
KFYG,0,0,0,✓ Mapped
KFRH,0,0,0,✓ Mapped
KFYM,0,0,0,✓ Mapped
KFYV,0,0,0,✓ Mapped
KFZG,0,0,0,✓ Mapped
KFZI,0,0,0,✓ Mapped
KFZY,0,0,0,✓ Mapped
KGAD,0,0,0,✓ Mapped
KGAF,0,0,0,✓ Mapped
KGAI,0,0,0,✓ Mapped
KFYJ,0,0,0,✓ Mapped
KFRM,0,0,0,✓ Mapped
KFSD,0,0,0,✓ Mapped
KFSI,0,0,0,✓ Mapped
KFSK,0,0,0,✓ Mapped
KFSM,0,0,0,✓ Mapped
KFSO,0,0,0,✓ Mapped
KFST,0,0,0,✓ Mapped
KFWA,0,0,0,✓ Mapped
KFSW,0,0,0,✓ Mapped
KFTG,0,0,0,✓ Mapped
KFTK,0,0,0,✓ Mapped
KFTW,0,0,0,✓ Mapped
KFTY,0,0,0,✓ Mapped
KFUL,0,0,0,✓ Mapped
KFVE,0,0,0,✓ Mapped
KFVX,0,0,0,✓ Mapped
KFSU,0,0,0,✓ Mapped
KEZI,0,0,0,✓ Mapped
KEZM,0,0,0,✓ Mapped
KEZS,0,0,0,✓ Mapped
KEZZ,0,0,0,✓ Mapped
KAJR,0,0,0,✓ Mapped
KAJG,0,0,0,✓ Mapped
KAIZ,0,0,0,✓ Mapped
KFIG,0,0,0,✓ Mapped
KAIT,0,0,0,✓ Mapped
KAIO,0,0,0,✓ Mapped
KAIK,0,0,0,✓ Mapped
KAIG,0,0,0,✓ Mapped
KAID,0,0,0,✓ Mapped
KAIB,0,0,0,✓ Mapped
KAIA,0,0,0,✓ Mapped
KAHQ,0,0,0,✓ Mapped
KAIV,0,0,0,✓ Mapped
KEUG,0,0,0,✓ Mapped
KEUL,0,0,0,✓ Mapped
KEVB,0,0,0,✓ Mapped
KEVM,0,0,0,✓ Mapped
KEVU,0,0,0,✓ Mapped
KEVV,0,0,0,✓ Mapped
KEVW,0,0,0,✓ Mapped
KEZF,0,0,0,✓ Mapped
KEWB,0,0,0,✓ Mapped
KEWK,0,0,0,✓ Mapped
KEWN,0,0,0,✓ Mapped
KEWR,0,0,0,✓ Mapped
KEXX,0,0,0,✓ Mapped
KEYE,0,0,0,✓ Mapped
KEYF,0,0,0,✓ Mapped
KEYW,0,0,0,✓ Mapped
KEVY,0,0,0,✓ Mapped
KFDY,0,0,0,✓ Mapped
KFEP,0,0,0,✓ Mapped
KFET,0,0,0,✓ Mapped
KFFA,0,0,0,✓ Mapped
KFFC,0,0,0,✓ Mapped
KFFL,0,0,0,✓ Mapped
KFFM,0,0,0,✓ Mapped
KF70,0,0,0,✓ Mapped
KFFT,0,0,0,✓ Mapped
KFFX,0,0,0,✓ Mapped
KFFZ,0,0,0,✓ Mapped
KFGU,0,0,0,✓ Mapped
KFGX,0,0,0,✓ Mapped
KFHB,0,0,0,✓ Mapped
KFHR,0,0,0,✓ Mapped
KFHU,0,0,0,✓ Mapped
KFFO,0,0,0,✓ Mapped
KAHN,0,0,0,✓ Mapped
KAGS,0,0,0,✓ Mapped
KAGO,0,0,0,✓ Mapped
KAGC,0,0,0,✓ Mapped
KAFW,0,0,0,✓ Mapped
KFAM,0,0,0,✓ Mapped
KFAR,0,0,0,✓ Mapped
KFDW,0,0,0,✓ Mapped
KFAY,0,0,0,✓ Mapped
KFBL,0,0,0,✓ Mapped
KFCH,0,0,0,✓ Mapped
KFCI,0,0,0,✓ Mapped
KFCM,0,0,0,✓ Mapped
KFCY,0,0,0,✓ Mapped
KFDK,0,0,0,✓ Mapped
KFDR,0,0,0,✓ Mapped
KFAT,0,0,0,✓ Mapped
KGWS,0,0,0,✓ Mapped
KGWW,0,0,0,✓ Mapped
KGXY,0,0,0,✓ Mapped
KGYB,0,0,0,✓ Mapped
KGYH,0,0,0,✓ Mapped
KGYI,0,0,0,✓ Mapped
KGYR,0,0,0,✓ Mapped
KGAO,0,0,0,✓ Mapped
KGZH,0,0,0,✓ Mapped
KGZL,0,0,0,✓ Mapped
KGZN,0,0,0,✓ Mapped
KGZS,0,0,0,✓ Mapped
KAFO,0,0,0,✓ Mapped
KAFK,0,0,0,✓ Mapped
KAFJ,0,0,0,✓ Mapped
KAEX,0,0,0,✓ Mapped
KGYY,0,0,0,✓ Mapped
KGSH,0,0,0,✓ Mapped
KGSO,0,0,0,✓ Mapped
KGSP,0,0,0,✓ Mapped
KGTB,0,0,0,✓ Mapped
KGTF,0,0,0,✓ Mapped
KGTR,0,0,0,✓ Mapped
KGTU,0,0,0,✓ Mapped
KGWR,0,0,0,✓ Mapped
KGUP,0,0,0,✓ Mapped
KGUS,0,0,0,✓ Mapped
KGUY,0,0,0,✓ Mapped
KGVL,0,0,0,✓ Mapped
KGVQ,0,0,0,✓ Mapped
KGVT,0,0,0,✓ Mapped
KGWB,0,0,0,✓ Mapped
KGWO,0,0,0,✓ Mapped
KGUC,0,0,0,✓ Mapped
KHEF,0,0,0,✓ Mapped
KHEG,0,0,0,✓ Mapped
KHEI,0,0,0,✓ Mapped
KHEQ,0,0,0,✓ Mapped
KHEZ,0,0,0,✓ Mapped
KHFD,0,0,0,✓ Mapped
KHFJ,0,0,0,✓ Mapped
KHAB,0,0,0,✓ Mapped
KHGR,0,0,0,✓ Mapped
KHHF,0,0,0,✓ Mapped
KHHG,0,0,0,✓ Mapped
KHHR,0,0,0,✓ Mapped
KHHW,0,0,0,✓ Mapped
KHIB,0,0,0,✓ Mapped
KHIE,0,0,0,✓ Mapped
KHIF,0,0,0,✓ Mapped
KHFY,0,0,0,✓ Mapped
KHAE,0,0,0,✓ Mapped
KHAF,0,0,0,✓ Mapped
KHAO,0,0,0,✓ Mapped
KHBG,0,0,0,✓ Mapped
KHBI,0,0,0,✓ Mapped
KHBR,0,0,0,✓ Mapped
KHBV,0,0,0,✓ Mapped
KHEE,0,0,0,✓ Mapped
KHCD,0,0,0,✓ Mapped
KHCO,0,0,0,✓ Mapped
KHCR,0,0,0,✓ Mapped
KHDC,0,0,0,✓ Mapped
KHDE,0,0,0,✓ Mapped
KHDL,0,0,0,✓ Mapped
KHDN,0,0,0,✓ Mapped
KHDO,0,0,0,✓ Mapped
KHBZ,0,0,0,✓ Mapped
KGEV,0,0,0,✓ Mapped
KGEY,0,0,0,✓ Mapped
KGEZ,0,0,0,✓ Mapped
KGFK,0,0,0,✓ Mapped
KGFL,0,0,0,✓ Mapped
KGGE,0,0,0,✓ Mapped
KGGF,0,0,0,✓ Mapped
KGRR,0,0,0,✓ Mapped
KGGI,0,0,0,✓ Mapped
KGGP,0,0,0,✓ Mapped
KGGW,0,0,0,✓ Mapped
KGHG,0,0,0,✓ Mapped
KGHM,0,0,0,✓ Mapped
KGHW,0,0,0,✓ Mapped
KGIC,0,0,0,✓ Mapped
KGIF,0,0,0,✓ Mapped
KGGG,0,0,0,✓ Mapped
KGAS,0,0,0,✓ Mapped
KGBD,0,0,0,✓ Mapped
KGBG,0,0,0,✓ Mapped
KGCC,0,0,0,✓ Mapped
KGCD,0,0,0,✓ Mapped
KGCK,0,0,0,✓ Mapped
KGCM,0,0,0,✓ Mapped
KGEU,0,0,0,✓ Mapped
KGCY,0,0,0,✓ Mapped
KGDA,0,0,0,✓ Mapped
KGDJ,0,0,0,✓ Mapped
KAFP,0,0,0,✓ Mapped
KGDV,0,0,0,✓ Mapped
KGDW,0,0,0,✓ Mapped
KGED,0,0,0,✓ Mapped
KGEG,0,0,0,✓ Mapped
KGCN,0,0,0,✓ Mapped
KGNV,0,0,0,✓ Mapped
KGOK,0,0,0,✓ Mapped
KGON,0,0,0,✓ Mapped
KGOO,0,0,0,✓ Mapped
KGOV,0,0,0,✓ Mapped
KGPC,0,0,0,✓ Mapped
KGPH,0,0,0,✓ Mapped
KGJT,0,0,0,✓ Mapped
KGPM,0,0,0,✓ Mapped
KGPT,0,0,0,✓ Mapped
KGPZ,0,0,0,✓ Mapped
KGRB,0,0,0,✓ Mapped
KGRD,0,0,0,✓ Mapped
KGRE,0,0,0,✓ Mapped
KGRI,0,0,0,✓ Mapped
KGRK,0,0,0,✓ Mapped
KGPI,0,0,0,✓ Mapped
KGKJ,0,0,0,✓ Mapped
KGKT,0,0,0,✓ Mapped
KGKY,0,0,0,✓ Mapped
KGLD,0,0,0,✓ Mapped
KGLE,0,0,0,✓ Mapped
KGLH,0,0,0,✓ Mapped
KGLR,0,0,0,✓ Mapped
KGNT,0,0,0,✓ Mapped
KGLW,0,0,0,✓ Mapped
KGLY,0,0,0,✓ Mapped
KGMJ,0,0,0,✓ Mapped
KGMU,0,0,0,✓ Mapped
KGNB,0,0,0,✓ Mapped
KGNC,0,0,0,✓ Mapped
KGNF,0,0,0,✓ Mapped
KGNG,0,0,0,✓ Mapped
KGLS,0,0,0,✓ Mapped
